IdentifierObPropId,IdentifierFips,IdentifierApn,IdentifierApnOrig,IdentifierAttomId,LotDepth,LotFrontage,LotLotsize1,LotLotsize2,LotPooltype,AreaCountrysecsubd,AreaCountyuse1,AreaMuncode,AreaMunname,AreaSubdname,AreaSubdtractnum,AreaTaxcodearea,AddressCountry,AddressCountrySubd,AddressLine1,AddressLine2,AddressLocality,AddressMatchCode,AddressOneLine,AddressPostal1,LocationAccuracy,LocationElevation,LocationLatitude,LocationLongitude,LocationDistance,LocationGeoid,SummaryAbsenteeInd,SummaryPropclass,SummaryPropsubtype,SummaryProptype,SummaryYearbuilt,SummaryPropLandUse,SummaryPropIndicator,SummaryLegal1,UtilitiesHeatingtype,BuildingSizeBldgsize,BuildingSizeGrosssize,BuildingSizeGrosssizeadjusted,BuildingSizeGroundfloorsize,BuildingSizeLivingsize,BuildingSizeSsizeInd,BuildingSizeUniversalsize,BuildingRoomsBathfixtures,BuildingRoomsBaths1qtr,BuildingRoomsBaths3qtr,BuildingRoomsBathscalc,BuildingRoomsBathsfull,BuildingRoomsBathshalf,BuildingRoomsBathstotal,BuildingRoomsBeds,BuildingRoomsRoomsTotal,BuildingInteriorBsmtsize,BuildingInteriorFplccount,BuildingConstructionFoundationtype,BuildingConstructionRoofcover,BuildingConstructionWallType,BuildingParkingPrkgSize,BuildingSummaryArchStyle,BuildingSummaryBldgsNum,BuildingSummaryBldgType,BuildingSummaryImprType,BuildingSummaryLevels,BuildingSummaryMobileHomeInd,BuildingSummaryStoryDesc,BuildingSummaryUnitsCount,BuildingSummaryYearbuilteffective,VintageLastModified,VintagePubDate,AvmAmountScr,AvmAmountValue,AvmAmountHigh,AvmAmountLow,AvmAmountValueRange,AvmAVMChangeAvmlastmonthvalue,AvmAVMChangeAvmamountchange,AvmAVMChangeAvmpercentchange,AvmCalculationsPerSizeUnit,AvmCalculationsRatioTaxAmt,AvmCalculationsRatioTaxValue,AvmCalculationsMonthlyChgPct,AvmCalculationsMonthlyChgValue,AvmCalculationsRangePctOfValue,AvmConditionAvmpoorlow,AvmConditionAvmpoorhigh,AavmConditionAvmpoorscore,AvmConditionAvmgoodlow,AvmConditionAvmgoodhigh,AvmConditionAvmgoodscore,AvmConditionAvmexcellentlow,AvmConditionAvmexcellenthigh,AvmConditionAvmexcellentscore,SaleAmountSaleamt,SaleAmountSaledisclosuretype,SaleCalculationPriceperbed,SaleCalculationPricepersizeunit,AssessmentAppraisedApprimprvalue,AssessmentAppraisedApprlandvalue,AssessmentAppraisedApprttlvalue,AssessmentAssessedAssdimprpersizeunit,AssessmentAssessedAssdimprvalue,AssessmentAssessedAssdlandpersizeunit,AssessmentAssessedAssdlandvalue,AssessmentAssessedAssdttlpersizeunit,AssessmentAssessedAssdttlvalue,AssessmentCalculationsCalcimprind,AssessmentCalculationsCalcimprpersizeunit,AssessmentCalculationsCalcimprvalue,AssessmentCalculationsCalclandind,AssessmentCalculationsCalclandpersizeunit,AssessmentCalculationsCalclandvalue,AssessmentCalculationsCalcttlind,AssessmentCalculationsCalcttlvalue,AssessmentCalculationsCalcvaluepersizeunit,AssessmentMarketMktimprvalue,AssessmentMarketMktlandvalue,AssessmentMarketMktttlvalue,AssessmentTaxTaxamt,AssessmentTaxTaxpersizeunit,AssessmentTaxTSaxyear
24121628906085,06085,72830006,72830006,241216289,0,0,18.4167,802231,NONE,Santa Clara County,92,SC,SANTA CLARA,,0,4003,US,CA,HALF RD,"MORGAN HILL, CA 95037",Morgan Hill,ExaZip,"HALF RD, MORGAN HILL, CA 95037",95037,Zip5,0.0,37.158180,-121.595110,0.0,"CO06085, CS0690680, DB0625830, ZI95037",ABSENTEE(MAIL AND SITUS NOT =),Agricultural,RESIDENTIAL,FARMS,0,FARMS,70,MAP B4 917,,0,0,0,0,0,LIVING SQFT ,0,0,0,0,0.0,0,0,0.0,0,0,0,0,,,,0,,0,TYPE UNKNOWN,RESIDENTIAL,0, ,TYPE UNKNOWN,0,0,2018-1-24,2018-2-2,0,0,0,0,0,0,0,0,0.0,0.0,0.0,0.0,0,0.0,0.0,0.0,-5.0,0.0,0.0,0.0,0.0,0.0,2.5,30715500,0,0,0,0,0,0,0.0,0,9.68,7762771,0.0,7762771,ASSESSED VALUE,0.0,0,ASSESSED VALUE,9.68,7762771,ASSESSED VALUE,7762771,0.0,0,0,0,93523.0,0.0,2018
24121218606085,06085,36609044,36609044,241212186,0,0,0.3926,17100,NONE,Santa Clara County,69,SC,SANTA CLARA,SEVEN SPGS,7993,13002,US,CA,STAUFFER LN,"CUPERTINO, CA 95070",Cupertino,ExaZip,"STAUFFER LN, CUPERTINO, CA 95070",95070,Zip5,0.0,37.255630,-122.048510,0.0,"CO06085, CS0692830, DB0622800, DB0635910, MT30003348, ND0000452610, ND0002913504, PL0670280, SB0000071674, SB0000135802, SB0000135803, SB0000135804, SB0000135805, ZI95070",,Vacant,RESIDENTIAL,VACANT LAND (NEC),0,VACANT LAND (NEC),80,TRACT 7993 SEVEN SPRINGS BOOK 582 PAGE 31 PAGE 32 LOT 190,,0,0,0,0,0,BUILDING SQFT ,0,0,0,0,0.0,0,0,0.0,0,0,0,0,,,,0,,0,TYPE UNKNOWN,RESIDENTIAL,0, ,TYPE UNKNOWN,1,0,2018-1-24,2018-2-2,0,0,0,0,0,0,0,0,0.0,0.0,0.0,0.0,0,0.0,0.0,0.0,-5.0,0.0,0.0,0.0,0.0,0.0,2.5,1848000,0,0,0,0,0,0,0.0,0,110.23,1884960,0.0,1884960,ASSESSED VALUE,0.0,0,ASSESSED VALUE,110.23,1884960,ASSESSED VALUE,1884960,0.0,0,0,0,22464.62,0.0,2018
15561690406085,06085,50336018,50336018,155616904,0,0,14.4396,628989,NONE,Santa Clara County,96,SC,SANTA CLARA,,0,60014,US,CA,13620 REDWOOD GULCH RD,"CUPERTINO, CA 95014",Cupertino,ExaStr,"13620 REDWOOD GULCH RD, CUPERTINO, CA 95014",95014,Street,0.0,37.262290,-122.098145,0.0,"CO06085, CS0693660, DB0622800, DB0635910, ZI95014",ABSENTEE(MAIL AND SITUS NOT =),Exempt,RESIDENTIAL,FOREST,0,FOREST,90,LOT A,,0,0,0,0,0,LIVING SQFT ,0,0,0,0,0.0,0,0,0.0,0,0,0,0,,,,0,,0,TYPE UNKNOWN,RESIDENTIAL,0, ,TYPE UNKNOWN,0,0,2018-1-24,2018-2-2,0,0,0,0,0,0,0,0,0.0,0.0,0.0,0.0,0,0.0,0.0,0.0,-5.0,0.0,0.0,0.0,0.0,0.0,2.5,0,0,0,0,0,0,0,0.0,0,0.53,336439,0.0,336439,ASSESSED VALUE,0.0,0,ASSESSED VALUE,0.53,336439,ASSESSED VALUE,336439,0.0,0,0,0,4191.0,0.0,2018
15561690306085,06085,50336017,50336017,155616903,0,0,13.51,588495,NONE,Santa Clara County,01,SC,SANTA CLARA,,0,60014,US,CA,13820 REDWOOD GULCH RD,"CUPERTINO, CA 95014",Cupertino,ExaStr,"13820 REDWOOD GULCH RD, CUPERTINO, CA 95014",95014,Street,0.0,37.264554,-122.096286,0.0,"CO06085, CS0693660, DB0622800, DB0635910, SB0000071674, SB0000135802, SB0000135803, SB0000135804, SB0000135805, ZI95014",OWNER OCCUPIED,Single Family Residence / Townhouse,RESIDENTIAL,SFR,0,SFR,10,LOT 1,,0,0,0,0,0,LIVING SQFT ,0,0,0,0,0.0,0,0,0.0,0,0,0,0,,,,0,,0,TYPE UNKNOWN,RESIDENTIAL,0, ,TYPE UNKNOWN,0,0,2018-1-24,2018-2-2,0,0,0,0,0,0,0,0,0.0,0.0,0.0,0.0,0,0.0,0.0,0.0,-5.0,0.0,0.0,0.0,0.0,0.0,2.5,0,0,0,0,0,0,0,0.0,32745,0.13,78134,0.0,110879,ASSESSED VALUE,0.0,32745,ASSESSED VALUE,0.19,78134,ASSESSED VALUE,110879,0.0,0,0,0,1561.04,0.0,2018
15824473606085,06085,50306019,50306019,158244736,150,20,0.0689,3000,NONE,Santa Clara County,69,SC,SANTA CLARA,PARADISO SUB,0,63113,US,CA,15851 STEVENS CANYON RD,"CUPERTINO, CA 95014",Cupertino,ExaStr,"15851 STEVENS CANYON RD, CUPERTINO, CA 95014",95014,Street,0.0,37.267944,-122.094772,0.0,"CO06085, CS0693660, DB0614430, DB0635910, SB0000070016, SB0000135802, SB0000135803, SB0000135804, SB0000135805, ZI95070",ABSENTEE(MAIL AND SITUS NOT =),Vacant,RESIDENTIAL,VACANT LAND (NEC),1920,VACANT LAND (NEC),80,,,502,502,502,502,502,BUILDING SQFT ,502,0,0,0,1.0,0,0,1.0,1,3,0,0,,,,0,,1,TYPE UNKNOWN,RESIDENTIAL,1, ,TYPE UNKNOWN,1,1920,2018-1-24,2018-2-2,0,0,0,0,0,0,0,0,0.0,0.0,0.0,0.0,0,0.0,0.0,0.0,-5.0,0.0,0.0,0.0,0.0,0.0,2.5,19000,0,19000,38,0,0,0,0.0,0,6.59,19767,39.38,19767,ASSESSED VALUE,0.0,0,ASSESSED VALUE,6.59,19767,ASSESSED VALUE,19767,39.38,0,0,0,685.86,1.37,2018
15824473606085,06085,50306019,50306019,158244736,150,20,0.0689,3000,NONE,Santa Clara County,69,SC,SANTA CLARA,PARADISO SUB,0,63113,US,CA,15851 STEVENS CANYON RD,"CUPERTINO, CA 95014",Cupertino,ExaStr,"15851 STEVENS CANYON RD, CUPERTINO, CA 95014",95014,Street,0.0,37.267944,-122.094772,0.0,"CO06085, CS0693660, DB0614430, DB0635910, SB0000070016, SB0000135802, SB0000135803, SB0000135804, SB0000135805, ZI95070",ABSENTEE(MAIL AND SITUS NOT =),Vacant,RESIDENTIAL,VACANT LAND (NEC),1920,VACANT LAND (NEC),80,,,502,502,502,502,502,BUILDING SQFT ,502,0,0,0,1.0,0,0,1.0,1,3,0,0,,,,0,,1,TYPE UNKNOWN,RESIDENTIAL,1, ,TYPE UNKNOWN,1,1920,2018-1-24,2018-2-2,0,0,0,0,0,0,0,0,0.0,0.0,0.0,0.0,0,0.0,0.0,0.0,-5.0,0.0,0.0,0.0,0.0,0.0,2.5,19000,0,19000,38,0,0,0,0.0,0,6.59,19767,39.38,19767,ASSESSED VALUE,0.0,0,ASSESSED VALUE,6.59,19767,ASSESSED VALUE,19767,39.38,0,0,0,685.86,1.37,2018
24121337406085,06085,50306023,50306023,241213374,0,0,2.2,95832,NONE,Santa Clara County,96,SC,SANTA CLARA,PARADISO,0,63113,US,CA,15853 STEVENS CANYON RD,"CUPERTINO, CA 95014",Cupertino,ExaStr,"15853 STEVENS CANYON RD, CUPERTINO, CA 95014",95014,Street,0.0,37.267955,-122.094780,0.0,"CO06085, CS0693660, DB0614430, DB0635910, SB0000070016, SB0000135802, SB0000135803, SB0000135804, SB0000135805, ZI95070",OWNER OCCUPIED,Exempt,RESIDENTIAL,FOREST,0,FOREST,90,,,0,0,0,0,0,LIVING SQFT ,0,0,0,0,0.0,0,0,0.0,0,0,0,0,,,,0,,0,TYPE UNKNOWN,RESIDENTIAL,0, ,TYPE UNKNOWN,0,0,2018-1-24,2018-2-2,0,0,0,0,0,0,0,0,0.0,0.0,0.0,0.0,0,0.0,0.0,0.0,-5.0,0.0,0.0,0.0,0.0,0.0,2.5,0,0,0,0,0,0,0,0.0,0,0.35,33097,0.0,33097,ASSESSED VALUE,0.0,0,ASSESSED VALUE,0.35,33097,ASSESSED VALUE,33097,0.0,0,0,0,440.26,0.0,2018
24121337406085,06085,50306023,50306023,241213374,0,0,2.2,95832,NONE,Santa Clara County,96,SC,SANTA CLARA,PARADISO,0,63113,US,CA,15853 STEVENS CANYON RD,"CUPERTINO, CA 95014",Cupertino,ExaStr,"15853 STEVENS CANYON RD, CUPERTINO, CA 95014",95014,Street,0.0,37.267955,-122.094780,0.0,"CO06085, CS0693660, DB0614430, DB0635910, SB0000070016, SB0000135802, SB0000135803, SB0000135804, SB0000135805, ZI95070",OWNER OCCUPIED,Exempt,RESIDENTIAL,FOREST,0,FOREST,90,,,0,0,0,0,0,LIVING SQFT ,0,0,0,0,0.0,0,0,0.0,0,0,0,0,,,,0,,0,TYPE UNKNOWN,RESIDENTIAL,0, ,TYPE UNKNOWN,0,0,2018-1-24,2018-2-2,0,0,0,0,0,0,0,0,0.0,0.0,0.0,0.0,0,0.0,0.0,0.0,-5.0,0.0,0.0,0.0,0.0,0.0,2.5,0,0,0,0,0,0,0,0.0,0,0.35,33097,0.0,33097,ASSESSED VALUE,0.0,0,ASSESSED VALUE,0.35,33097,ASSESSED VALUE,33097,0.0,0,0,0,440.26,0.0,2018
24121337406085,06085,50306023,50306023,241213374,0,0,2.2,95832,NONE,Santa Clara County,96,SC,SANTA CLARA,PARADISO,0,63113,US,CA,15853 STEVENS CANYON RD,"CUPERTINO, CA 95014",Cupertino,ExaStr,"15853 STEVENS CANYON RD, CUPERTINO, CA 95014",95014,Street,0.0,37.267955,-122.094780,0.0,"CO06085, CS0693660, DB0614430, DB0635910, SB0000070016, SB0000135802, SB0000135803, SB0000135804, SB0000135805, ZI95070",OWNER OCCUPIED,Exempt,RESIDENTIAL,FOREST,0,FOREST,90,,,0,0,0,0,0,LIVING SQFT ,0,0,0,0,0.0,0,0,0.0,0,0,0,0,,,,0,,0,TYPE UNKNOWN,RESIDENTIAL,0, ,TYPE UNKNOWN,0,0,2018-1-24,2018-2-2,0,0,0,0,0,0,0,0,0.0,0.0,0.0,0.0,0,0.0,0.0,0.0,-5.0,0.0,0.0,0.0,0.0,0.0,2.5,0,0,0,0,0,0,0,0.0,0,0.35,33097,0.0,33097,ASSESSED VALUE,0.0,0,ASSESSED VALUE,0.35,33097,ASSESSED VALUE,33097,0.0,0,0,0,440.26,0.0,2018
24121337406085,06085,50306023,50306023,241213374,0,0,2.2,95832,NONE,Santa Clara County,96,SC,SANTA CLARA,PARADISO,0,63113,US,CA,15853 STEVENS CANYON RD,"CUPERTINO, CA 95014",Cupertino,ExaStr,"15853 STEVENS CANYON RD, CUPERTINO, CA 95014",95014,Street,0.0,37.267955,-122.094780,0.0,"CO06085, CS0693660, DB0614430, DB0635910, SB0000070016, SB0000135802, SB0000135803, SB0000135804, SB0000135805, ZI95070",OWNER OCCUPIED,Exempt,RESIDENTIAL,FOREST,0,FOREST,90,,,0,0,0,0,0,LIVING SQFT ,0,0,0,0,0.0,0,0,0.0,0,0,0,0,,,,0,,0,TYPE UNKNOWN,RESIDENTIAL,0, ,TYPE UNKNOWN,0,0,2018-1-24,2018-2-2,0,0,0,0,0,0,0,0,0.0,0.0,0.0,0.0,0,0.0,0.0,0.0,-5.0,0.0,0.0,0.0,0.0,0.0,2.5,0,0,0,0,0,0,0,0.0,0,0.35,33097,0.0,33097,ASSESSED VALUE,0.0,0,ASSESSED VALUE,0.35,33097,ASSESSED VALUE,33097,0.0,0,0,0,440.26,0.0,2018
24121337006085,06085,50306014,50306014,241213370,0,0,22.47,978793,NONE,Santa Clara County,01,SC,SANTA CLARA,PARADISO,0,63113,US,CA,15630 STEVENS CANYON RD,"CUPERTINO, CA 95014",Cupertino,ExaStr,"15630 STEVENS CANYON RD, CUPERTINO, CA 95014",95014,Street,0.0,37.267980,-122.093676,0.0,"CO06085, CS0693660, DB0614430, DB0635910, ZI95014",OWNER OCCUPIED,Single Family Residence / Townhouse,RESIDENTIAL,SFR,0,SFR,10,,,0,0,0,0,0,LIVING SQFT ,0,0,0,0,0.0,0,0,0.0,0,0,0,0,,,,0,,0,TYPE UNKNOWN,RESIDENTIAL,0, ,TYPE UNKNOWN,0,0,2018-1-24,2018-2-2,39,1954000,2752000,1157000,1595000,0,0,0,0.0,761.54,11.78,0.0,0,81.63,1099150.0,2614400.0,34.0,1157000.0,2752000.0,39.0,1185925.0,2820800.0,41.5,0,0,0,0,0,0,0,0.0,0,0.17,165830,0.0,165830,ASSESSED VALUE,0.0,0,ASSESSED VALUE,0.17,165830,ASSESSED VALUE,165830,0.0,0,0,0,2565.86,0.0,2018
24121337006085,06085,50306014,50306014,241213370,0,0,22.47,978793,NONE,Santa Clara County,01,SC,SANTA CLARA,PARADISO,0,63113,US,CA,15630 STEVENS CANYON RD,"CUPERTINO, CA 95014",Cupertino,ExaStr,"15630 STEVENS CANYON RD, CUPERTINO, CA 95014",95014,Street,0.0,37.267980,-122.093676,0.0,"CO06085, CS0693660, DB0614430, DB0635910, ZI95014",OWNER OCCUPIED,Single Family Residence / Townhouse,RESIDENTIAL,SFR,0,SFR,10,,,0,0,0,0,0,LIVING SQFT ,0,0,0,0,0.0,0,0,0.0,0,0,0,0,,,,0,,0,TYPE UNKNOWN,RESIDENTIAL,0, ,TYPE UNKNOWN,0,0,2018-1-24,2018-2-2,39,1954000,2752000,1157000,1595000,0,0,0,0.0,761.54,11.78,0.0,0,81.63,1099150.0,2614400.0,34.0,1157000.0,2752000.0,39.0,1185925.0,2820800.0,41.5,0,0,0,0,0,0,0,0.0,0,0.17,165830,0.0,165830,ASSESSED VALUE,0.0,0,ASSESSED VALUE,0.17,165830,ASSESSED VALUE,165830,0.0,0,0,0,2565.86,0.0,2018
24121337006085,06085,50306014,50306014,241213370,0,0,22.47,978793,NONE,Santa Clara County,01,SC,SANTA CLARA,PARADISO,0,63113,US,CA,15630 STEVENS CANYON RD,"CUPERTINO, CA 95014",Cupertino,ExaStr,"15630 STEVENS CANYON RD, CUPERTINO, CA 95014",95014,Street,0.0,37.267980,-122.093676,0.0,"CO06085, CS0693660, DB0614430, DB0635910, ZI95014",OWNER OCCUPIED,Single Family Residence / Townhouse,RESIDENTIAL,SFR,0,SFR,10,,,0,0,0,0,0,LIVING SQFT ,0,0,0,0,0.0,0,0,0.0,0,0,0,0,,,,0,,0,TYPE UNKNOWN,RESIDENTIAL,0, ,TYPE UNKNOWN,0,0,2018-1-24,2018-2-2,39,1954000,2752000,1157000,1595000,0,0,0,0.0,761.54,11.78,0.0,0,81.63,1099150.0,2614400.0,34.0,1157000.0,2752000.0,39.0,1185925.0,2820800.0,41.5,0,0,0,0,0,0,0,0.0,0,0.17,165830,0.0,165830,ASSESSED VALUE,0.0,0,ASSESSED VALUE,0.17,165830,ASSESSED VALUE,165830,0.0,0,0,0,2565.86,0.0,2018
15762567706085,06085,50306010,50306010,157625677,205,30,1.0925,47590,NONE,Santa Clara County,01,SC,SANTA CLARA,PARADISO,0,63113,US,CA,15602 STEVENS CANYON RD,"CUPERTINO, CA 95014",Cupertino,ExaStr,"15602 STEVENS CANYON RD, CUPERTINO, CA 95014",95014,Street,0.0,37.268285,-122.090990,0.0,"CO06085, CS0693660, DB0622800, DB0635910, ZI95014",ABSENTEE(MAIL AND SITUS NOT =),Single Family Residence / Townhouse,RESIDENTIAL,SFR,1930,SFR,10,,,1234,1234,1234,1234,1234,LIVING SQFT ,1234,0,0,0,1.0,0,0,1.0,2,5,0,0,,,,616,,1,TYPE UNKNOWN,RESIDENTIAL,1, ,TYPE UNKNOWN,1,1930,2018-1-24,2018-2-2,0,0,0,0,0,0,0,0,0.0,0.0,0.0,0.0,0,0.0,0.0,0.0,-5.0,0.0,0.0,0.0,0.0,0.0,2.5,0,0,0,0,0,0,0,1.29,1596,0.09,4235,4.73,5831,ASSESSED VALUE,1.29,1596,ASSESSED VALUE,0.12,4235,ASSESSED VALUE,5831,4.73,0,0,0,575.14,0.47,2018
15762567606085,06085,50306008,50306008,157625676,300,140,0.9642,42000,NONE,Santa Clara County,01,SC,SANTA CLARA,PARADISO,0,63113,US,CA,15600 STEVENS CANYON RD,"CUPERTINO, CA 95014",Cupertino,ExaStr,"15600 STEVENS CANYON RD, CUPERTINO, CA 95014",95014,Street,0.0,37.268424,-122.090769,0.0,"CO06085, CS0693660, DB0622800, DB0635910, SB0000071674, SB0000135802, SB0000135803, SB0000135804, SB0000135805, ZI95014",ABSENTEE(MAIL AND SITUS NOT =),Single Family Residence / Townhouse,RESIDENTIAL,SFR,1928,SFR,10,,,488,488,488,488,488,LIVING SQFT ,488,0,0,0,0.0,0,0,0.0,2,4,0,0,,,,0,,1,TYPE UNKNOWN,RESIDENTIAL,1, ,TYPE UNKNOWN,1,1928,2018-1-24,2018-2-2,0,0,0,0,0,0,0,0,0.0,0.0,0.0,0.0,0,0.0,0.0,0.0,-5.0,0.0,0.0,0.0,0.0,0.0,2.5,0,0,0,0,0,0,0,0.28,138,1.24,52120,107.09,52258,ASSESSED VALUE,0.28,138,ASSESSED VALUE,1.24,52120,ASSESSED VALUE,52258,107.09,0,0,0,1121.86,2.3,2018
24121336806085,06085,50306009,50306009,241213368,200,27,0.124,5400,NONE,Santa Clara County,69,SC,SANTA CLARA,PARADISO,0,63113,US,CA,15601 STEVENS CANYON RD,"CUPERTINO, CA 95014",Cupertino,ExaStr,"15601 STEVENS CANYON RD, CUPERTINO, CA 95014",95014,Street,0.0,37.268656,-122.090951,0.0,"CO06085, CS0693660, DB0622800, DB0635910, SB0000071674, SB0000135802, SB0000135803, SB0000135804, SB0000135805, ZI95014",OWNER OCCUPIED,Vacant,RESIDENTIAL,VACANT LAND (NEC),1900,VACANT LAND (NEC),80,,,0,0,0,0,0,BUILDING SQFT ,0,0,0,0,0.0,0,0,0.0,0,0,0,0,,,,0,,0,TYPE UNKNOWN,RESIDENTIAL,0, ,TYPE UNKNOWN,1,1900,2018-1-24,2018-2-2,0,0,0,0,0,0,0,0,0.0,0.0,0.0,0.0,0,0.0,0.0,0.0,-5.0,0.0,0.0,0.0,0.0,0.0,2.5,0,0,0,0,0,0,0,0.0,0,0.78,4235,0.0,4235,ASSESSED VALUE,0.0,0,ASSESSED VALUE,0.78,4235,ASSESSED VALUE,4235,0.0,0,0,0,470.58,0.0,2018
24121336806085,06085,50306009,50306009,241213368,200,27,0.124,5400,NONE,Santa Clara County,69,SC,SANTA CLARA,PARADISO,0,63113,US,CA,15601 STEVENS CANYON RD,"CUPERTINO, CA 95014",Cupertino,ExaStr,"15601 STEVENS CANYON RD, CUPERTINO, CA 95014",95014,Street,0.0,37.268656,-122.090951,0.0,"CO06085, CS0693660, DB0622800, DB0635910, SB0000071674, SB0000135802, SB0000135803, SB0000135804, SB0000135805, ZI95014",OWNER OCCUPIED,Vacant,RESIDENTIAL,VACANT LAND (NEC),1900,VACANT LAND (NEC),80,,,0,0,0,0,0,BUILDING SQFT ,0,0,0,0,0.0,0,0,0.0,0,0,0,0,,,,0,,0,TYPE UNKNOWN,RESIDENTIAL,0, ,TYPE UNKNOWN,1,1900,2018-1-24,2018-2-2,0,0,0,0,0,0,0,0,0.0,0.0,0.0,0.0,0,0.0,0.0,0.0,-5.0,0.0,0.0,0.0,0.0,0.0,2.5,0,0,0,0,0,0,0,0.0,0,0.78,4235,0.0,4235,ASSESSED VALUE,0.0,0,ASSESSED VALUE,0.78,4235,ASSESSED VALUE,4235,0.0,0,0,0,470.58,0.0,2018
24121336806085,06085,50306009,50306009,241213368,200,27,0.124,5400,NONE,Santa Clara County,69,SC,SANTA CLARA,PARADISO,0,63113,US,CA,15601 STEVENS CANYON RD,"CUPERTINO, CA 95014",Cupertino,ExaStr,"15601 STEVENS CANYON RD, CUPERTINO, CA 95014",95014,Street,0.0,37.268656,-122.090951,0.0,"CO06085, CS0693660, DB0622800, DB0635910, SB0000071674, SB0000135802, SB0000135803, SB0000135804, SB0000135805, ZI95014",OWNER OCCUPIED,Vacant,RESIDENTIAL,VACANT LAND (NEC),1900,VACANT LAND (NEC),80,,,0,0,0,0,0,BUILDING SQFT ,0,0,0,0,0.0,0,0,0.0,0,0,0,0,,,,0,,0,TYPE UNKNOWN,RESIDENTIAL,0, ,TYPE UNKNOWN,1,1900,2018-1-24,2018-2-2,0,0,0,0,0,0,0,0,0.0,0.0,0.0,0.0,0,0.0,0.0,0.0,-5.0,0.0,0.0,0.0,0.0,0.0,2.5,0,0,0,0,0,0,0,0.0,0,0.78,4235,0.0,4235,ASSESSED VALUE,0.0,0,ASSESSED VALUE,0.78,4235,ASSESSED VALUE,4235,0.0,0,0,0,470.58,0.0,2018
24121336806085,06085,50306009,50306009,241213368,200,27,0.124,5400,NONE,Santa Clara County,69,SC,SANTA CLARA,PARADISO,0,63113,US,CA,15601 STEVENS CANYON RD,"CUPERTINO, CA 95014",Cupertino,ExaStr,"15601 STEVENS CANYON RD, CUPERTINO, CA 95014",95014,Street,0.0,37.268656,-122.090951,0.0,"CO06085, CS0693660, DB0622800, DB0635910, SB0000071674, SB0000135802, SB0000135803, SB0000135804, SB0000135805, ZI95014",OWNER OCCUPIED,Vacant,RESIDENTIAL,VACANT LAND (NEC),1900,VACANT LAND (NEC),80,,,0,0,0,0,0,BUILDING SQFT ,0,0,0,0,0.0,0,0,0.0,0,0,0,0,,,,0,,0,TYPE UNKNOWN,RESIDENTIAL,0, ,TYPE UNKNOWN,1,1900,2018-1-24,2018-2-2,0,0,0,0,0,0,0,0,0.0,0.0,0.0,0.0,0,0.0,0.0,0.0,-5.0,0.0,0.0,0.0,0.0,0.0,2.5,0,0,0,0,0,0,0,0.0,0,0.78,4235,0.0,4235,ASSESSED VALUE,0.0,0,ASSESSED VALUE,0.78,4235,ASSESSED VALUE,4235,0.0,0,0,0,470.58,0.0,2018
24121336806085,06085,50306009,50306009,241213368,200,27,0.124,5400,NONE,Santa Clara County,69,SC,SANTA CLARA,PARADISO,0,63113,US,CA,15601 STEVENS CANYON RD,"CUPERTINO, CA 95014",Cupertino,ExaStr,"15601 STEVENS CANYON RD, CUPERTINO, CA 95014",95014,Street,0.0,37.268656,-122.090951,0.0,"CO06085, CS0693660, DB0622800, DB0635910, SB0000071674, SB0000135802, SB0000135803, SB0000135804, SB0000135805, ZI95014",OWNER OCCUPIED,Vacant,RESIDENTIAL,VACANT LAND (NEC),1900,VACANT LAND (NEC),80,,,0,0,0,0,0,BUILDING SQFT ,0,0,0,0,0.0,0,0,0.0,0,0,0,0,,,,0,,0,TYPE UNKNOWN,RESIDENTIAL,0, ,TYPE UNKNOWN,1,1900,2018-1-24,2018-2-2,0,0,0,0,0,0,0,0,0.0,0.0,0.0,0.0,0,0.0,0.0,0.0,-5.0,0.0,0.0,0.0,0.0,0.0,2.5,0,0,0,0,0,0,0,0.0,0,0.78,4235,0.0,4235,ASSESSED VALUE,0.0,0,ASSESSED VALUE,0.78,4235,ASSESSED VALUE,4235,0.0,0,0,0,470.58,0.0,2018
15762566906085,06085,50305003,50305003,157625669,0,0,1.2751,55543,NONE,Santa Clara County,01,SC,SANTA CLARA,BORDI,0,63113,US,CA,16201 STEVENS CANYON RD,"CUPERTINO, CA 95014",Cupertino,ExaStr,"16201 STEVENS CANYON RD, CUPERTINO, CA 95014",95014,Street,0.0,37.269453,-122.098941,0.0,"CO06085, CS0693660, DB0614430, DB0635910, ZI95014",OWNER OCCUPIED,Single Family Residence / Townhouse,RESIDENTIAL,SFR,1940,SFR,10,LOT 2,,676,676,676,546,676,LIVING SQFT ,676,0,0,0,1.0,0,0,1.0,1,3,0,0,,,,440,,1,TYPE UNKNOWN,RESIDENTIAL,1, ,TYPE UNKNOWN,1,1940,2018-1-24,2018-2-2,0,0,0,0,0,0,0,0,0.0,0.0,0.0,0.0,0,0.0,0.0,0.0,-5.0,0.0,0.0,0.0,0.0,0.0,2.5,870000,0,870000,1287,0,0,0,415.96,281191,11.81,656116,1386.55,937307,ASSESSED VALUE,415.96,281191,ASSESSED VALUE,16.88,656116,ASSESSED VALUE,937307,1386.55,0,0,0,11397.22,16.86,2018
15762567006085,06085,50305004,50305004,157625670,0,0,3.3601,146365,NONE,Santa Clara County,01,SC,SANTA CLARA,BORDI,0,63113,US,CA,16221 STEVENS CANYON RD,"CUPERTINO, CA 95014",Cupertino,ExaStr,"16221 STEVENS CANYON RD, CUPERTINO, CA 95014",95014,Street,0.0,37.269651,-122.099219,0.0,"CO06085, CS0693660, DB0614430, DB0635910, SB0000070016, SB0000135802, SB0000135803, SB0000135804, SB0000135805, ZI95014",OWNER OCCUPIED,Single Family Residence / Townhouse,RESIDENTIAL,SFR,1936,SFR,10,,,1224,1224,1224,1224,1224,LIVING SQFT ,1224,0,0,0,1.0,0,0,1.0,3,5,0,1,,,,0,,1,TYPE UNKNOWN,RESIDENTIAL,1, ,TYPE UNKNOWN,1,1936,2018-1-24,2018-2-2,0,0,0,0,0,0,0,0,0.0,0.0,0.0,0.0,0,0.0,0.0,0.0,-5.0,0.0,0.0,0.0,0.0,0.0,2.5,0,0,0,0,0,0,0,11.39,13944,0.55,80874,77.47,94818,ASSESSED VALUE,11.39,13944,ASSESSED VALUE,0.65,80874,ASSESSED VALUE,94818,77.47,0,0,0,1557.38,1.27,2018
15762567506085,06085,50306007,50306007,157625675,0,0,1.0647,46378,NONE,Santa Clara County,01,SC,SANTA CLARA,PARADISO,0,63113,US,CA,15555 STEVENS CANYON RD,"CUPERTINO, CA 95014",Cupertino,ExaStr,"15555 STEVENS CANYON RD, CUPERTINO, CA 95014",95014,Street,0.0,37.269938,-122.088710,0.0,"CO06085, CS0693660, DB0622800, DB0635910, SB0000071674, SB0000135802, SB0000135803, SB0000135804, SB0000135805, ZI95014",OWNER OCCUPIED,Single Family Residence / Townhouse,RESIDENTIAL,SFR,1940,SFR,10,,,709,709,709,709,709,LIVING SQFT ,709,0,0,0,1.0,0,0,1.0,1,3,0,0,,,,360,,1,TYPE UNKNOWN,RESIDENTIAL,1, ,TYPE UNKNOWN,1,1940,2018-1-24,2018-2-2,0,0,0,0,0,0,0,0,0.0,0.0,0.0,0.0,0,0.0,0.0,0.0,-5.0,0.0,0.0,0.0,0.0,0.0,2.5,0,0,0,0,0,0,0,106.75,75687,3.74,173260,351.12,248947,ASSESSED VALUE,106.75,75687,ASSESSED VALUE,5.37,173260,ASSESSED VALUE,248947,351.12,0,0,0,3347.06,4.72,2018
15762566806085,06085,50305002,50305002,157625668,0,0,1.2004,52288,NONE,Santa Clara County,01,SC,SANTA CLARA,BORDI,0,63113,US,CA,16301 STEVENS CANYON RD,"CUPERTINO, CA 95014",Cupertino,ExaStr,"16301 STEVENS CANYON RD, CUPERTINO, CA 95014",95014,Street,0.0,37.270551,-122.100408,0.0,"CO06085, CS0693660, DB0614430, DB0635910, SB0000070016, SB0000135802, SB0000135803, SB0000135804, SB0000135805, ZI95014",OWNER OCCUPIED,Single Family Residence / Townhouse,RESIDENTIAL,SFR,1930,SFR,10,LOT 1,,840,840,840,456,840,LIVING SQFT ,840,0,0,0,1.0,0,0,1.0,2,4,0,0,,,,0,,1,TYPE UNKNOWN,RESIDENTIAL,2, ,TYPE UNKNOWN,1,1930,2018-1-24,2018-2-2,0,0,0,0,0,0,0,0,0.0,0.0,0.0,0.0,0,0.0,0.0,0.0,-5.0,0.0,0.0,0.0,0.0,0.0,2.5,0,0,0,0,0,0,0,77.32,64946,0.96,50331,137.23,115277,ASSESSED VALUE,77.32,64946,ASSESSED VALUE,2.2,50331,ASSESSED VALUE,115277,137.23,0,0,0,1784.78,2.12,2018
4634564506085,06085,50306026,50306026,46345645,0,0,6.65,289674,TYPE UNKNOWN,Santa Clara County,01,SC,SANTA CLARA,PARADISO,0,63113,US,CA,15531 STEVENS CANYON RD,"CUPERTINO, CA 95014",Cupertino,ExaStr,"15531 STEVENS CANYON RD, CUPERTINO, CA 95014",95014,Street,0.0,37.270854,-122.088077,0.0,"CO06085, CS0693660, DB0622800, DB0635910, SB0000071674, SB0000135802, SB0000135803, SB0000135804, SB0000135805, ZI95014",OWNER OCCUPIED,Single Family Residence / Townhouse,RESIDENTIAL,SFR,1925,SFR,10,,,1703,1703,1703,1703,1703,LIVING SQFT ,1703,0,0,0,2.5,0,0,2.5,5,9,0,0,,,,480,,1,TYPE UNKNOWN,RESIDENTIAL,1, ,TYPE UNKNOWN,1,0,2018-1-24,2018-2-2,0,0,0,0,0,0,0,0,0.0,0.0,0.0,0.0,0,0.0,0.0,0.0,-5.0,0.0,0.0,0.0,0.0,0.0,2.5,0,0,0,0,0,0,0,38.12,64911,4.15,1200973,743.33,1265884,ASSESSED VALUE,38.12,64911,ASSESSED VALUE,4.37,1200973,ASSESSED VALUE,1265884,743.33,0,0,0,15268.68,8.97,2018
24121335806085,06085,50305005,50305005,241213358,0,0,1.1529,50220,NONE,Santa Clara County,69,SC,SANTA CLARA,BORDI,0,63113,US,CA,16360 STEVENS CANYON RD,"CUPERTINO, CA 95014",Cupertino,ExaStr,"16360 STEVENS CANYON RD, CUPERTINO, CA 95014",95014,Street,0.0,37.270941,-122.101461,0.0,"CO06085, CS0693660, DB0614430, DB0635910, ZI95070",ABSENTEE(MAIL AND SITUS NOT =),Vacant,RESIDENTIAL,VACANT LAND (NEC),0,VACANT LAND (NEC),80,LOT 6,,0,0,0,0,0,BUILDING SQFT ,0,0,0,0,0.0,0,0,0.0,0,0,0,0,,,,0,,0,TYPE UNKNOWN,RESIDENTIAL,0, ,TYPE UNKNOWN,0,0,2018-1-24,2018-2-2,0,0,0,0,0,0,0,0,0.0,0.0,0.0,0.0,0,0.0,0.0,0.0,-5.0,0.0,0.0,0.0,0.0,0.0,2.5,977148,0,0,0,0,0,0,0.0,0,9.02,452880,0.0,452880,ASSESSED VALUE,0.0,0,ASSESSED VALUE,9.02,452880,ASSESSED VALUE,452880,0.0,0,0,0,5724.34,0.0,2018
24121335806085,06085,50305005,50305005,241213358,0,0,1.1529,50220,NONE,Santa Clara County,69,SC,SANTA CLARA,BORDI,0,63113,US,CA,16360 STEVENS CANYON RD,"CUPERTINO, CA 95014",Cupertino,ExaStr,"16360 STEVENS CANYON RD, CUPERTINO, CA 95014",95014,Street,0.0,37.270941,-122.101461,0.0,"CO06085, CS0693660, DB0614430, DB0635910, ZI95070",ABSENTEE(MAIL AND SITUS NOT =),Vacant,RESIDENTIAL,VACANT LAND (NEC),0,VACANT LAND (NEC),80,LOT 6,,0,0,0,0,0,BUILDING SQFT ,0,0,0,0,0.0,0,0,0.0,0,0,0,0,,,,0,,0,TYPE UNKNOWN,RESIDENTIAL,0, ,TYPE UNKNOWN,0,0,2018-1-24,2018-2-2,0,0,0,0,0,0,0,0,0.0,0.0,0.0,0.0,0,0.0,0.0,0.0,-5.0,0.0,0.0,0.0,0.0,0.0,2.5,977148,0,0,0,0,0,0,0.0,0,9.02,452880,0.0,452880,ASSESSED VALUE,0.0,0,ASSESSED VALUE,9.02,452880,ASSESSED VALUE,452880,0.0,0,0,0,5724.34,0.0,2018
24121336706085,06085,50306003,50306003,241213367,0,0,2.7045,117810,NONE,Santa Clara County,69,SC,SANTA CLARA,PARADISO,0,63113,US,CA,15527 STEVENS CANYON RD,"CUPERTINO, CA 95014",Cupertino,ExaStr,"15527 STEVENS CANYON RD, CUPERTINO, CA 95014",95014,Street,0.0,37.271071,-122.087953,0.0,"CO06085, CS0693660, DB0614430, DB0635910, SB0000070016, SB0000135802, SB0000135803, SB0000135804, SB0000135805, ZI95014",OWNER OCCUPIED,Vacant,RESIDENTIAL,VACANT LAND (NEC),0,VACANT LAND (NEC),80,"LOT K,L",,0,0,0,0,0,BUILDING SQFT ,0,0,0,0,0.0,0,0,0.0,0,0,0,0,,,,0,,0,TYPE UNKNOWN,RESIDENTIAL,0, ,TYPE UNKNOWN,0,0,2018-1-24,2018-2-2,0,0,0,0,0,0,0,0,0.0,0.0,0.0,0.0,0,0.0,0.0,0.0,-5.0,0.0,0.0,0.0,0.0,0.0,2.5,0,0,0,0,0,0,0,0.0,0,1.06,124952,0.0,124952,ASSESSED VALUE,0.0,0,ASSESSED VALUE,1.06,124952,ASSESSED VALUE,124952,0.0,0,0,0,1802.78,0.0,2018
24121336706085,06085,50306003,50306003,241213367,0,0,2.7045,117810,NONE,Santa Clara County,69,SC,SANTA CLARA,PARADISO,0,63113,US,CA,15527 STEVENS CANYON RD,"CUPERTINO, CA 95014",Cupertino,ExaStr,"15527 STEVENS CANYON RD, CUPERTINO, CA 95014",95014,Street,0.0,37.271071,-122.087953,0.0,"CO06085, CS0693660, DB0614430, DB0635910, SB0000070016, SB0000135802, SB0000135803, SB0000135804, SB0000135805, ZI95014",OWNER OCCUPIED,Vacant,RESIDENTIAL,VACANT LAND (NEC),0,VACANT LAND (NEC),80,"LOT K,L",,0,0,0,0,0,BUILDING SQFT ,0,0,0,0,0.0,0,0,0.0,0,0,0,0,,,,0,,0,TYPE UNKNOWN,RESIDENTIAL,0, ,TYPE UNKNOWN,0,0,2018-1-24,2018-2-2,0,0,0,0,0,0,0,0,0.0,0.0,0.0,0.0,0,0.0,0.0,0.0,-5.0,0.0,0.0,0.0,0.0,0.0,2.5,0,0,0,0,0,0,0,0.0,0,1.06,124952,0.0,124952,ASSESSED VALUE,0.0,0,ASSESSED VALUE,1.06,124952,ASSESSED VALUE,124952,0.0,0,0,0,1802.78,0.0,2018
24656895806085,06085,50305041,50305041,246568958,0,0,0.7538,32835,NONE,Santa Clara County,69,SC,SANTA CLARA,BORDI,0,63113,US,CA,16390 STEVENS CANYON RD,"CUPERTINO, CA 95014",Cupertino,ExaStr,"16390 STEVENS CANYON RD, CUPERTINO, CA 95014",95014,Street,0.0,37.271255,-122.101901,0.0,"CO06085, CS0693660, DB0614430, DB0635910, SB0000070016, SB0000135802, SB0000135803, SB0000135804, SB0000135805, ZI95014",OWNER OCCUPIED,Vacant,RESIDENTIAL,VACANT LAND (NEC),0,VACANT LAND (NEC),80,,,0,0,0,0,0,BUILDING SQFT ,0,0,0,0,0.0,0,0,0.0,0,0,0,0,,,,0,,0,TYPE UNKNOWN,RESIDENTIAL,0, ,TYPE UNKNOWN,0,0,2018-1-24,2018-2-2,0,0,0,0,0,0,0,0,0.0,0.0,0.0,0.0,0,0.0,0.0,0.0,-5.0,0.0,0.0,0.0,0.0,0.0,2.5,800000,0,0,0,0,0,0,0.0,0,2.69,88310,0.0,88310,ASSESSED VALUE,0.0,0,ASSESSED VALUE,2.69,88310,ASSESSED VALUE,88310,0.0,0,0,0,1110.72,0.0,2018
24656895806085,06085,50305041,50305041,246568958,0,0,0.7538,32835,NONE,Santa Clara County,69,SC,SANTA CLARA,BORDI,0,63113,US,CA,16390 STEVENS CANYON RD,"CUPERTINO, CA 95014",Cupertino,ExaStr,"16390 STEVENS CANYON RD, CUPERTINO, CA 95014",95014,Street,0.0,37.271255,-122.101901,0.0,"CO06085, CS0693660, DB0614430, DB0635910, SB0000070016, SB0000135802, SB0000135803, SB0000135804, SB0000135805, ZI95014",OWNER OCCUPIED,Vacant,RESIDENTIAL,VACANT LAND (NEC),0,VACANT LAND (NEC),80,,,0,0,0,0,0,BUILDING SQFT ,0,0,0,0,0.0,0,0,0.0,0,0,0,0,,,,0,,0,TYPE UNKNOWN,RESIDENTIAL,0, ,TYPE UNKNOWN,0,0,2018-1-24,2018-2-2,0,0,0,0,0,0,0,0,0.0,0.0,0.0,0.0,0,0.0,0.0,0.0,-5.0,0.0,0.0,0.0,0.0,0.0,2.5,800000,0,0,0,0,0,0,0.0,0,2.69,88310,0.0,88310,ASSESSED VALUE,0.0,0,ASSESSED VALUE,2.69,88310,ASSESSED VALUE,88310,0.0,0,0,0,1110.72,0.0,2018
24656895806085,06085,50305041,50305041,246568958,0,0,0.7538,32835,NONE,Santa Clara County,69,SC,SANTA CLARA,BORDI,0,63113,US,CA,16390 STEVENS CANYON RD,"CUPERTINO, CA 95014",Cupertino,ExaStr,"16390 STEVENS CANYON RD, CUPERTINO, CA 95014",95014,Street,0.0,37.271255,-122.101901,0.0,"CO06085, CS0693660, DB0614430, DB0635910, SB0000070016, SB0000135802, SB0000135803, SB0000135804, SB0000135805, ZI95014",OWNER OCCUPIED,Vacant,RESIDENTIAL,VACANT LAND (NEC),0,VACANT LAND (NEC),80,,,0,0,0,0,0,BUILDING SQFT ,0,0,0,0,0.0,0,0,0.0,0,0,0,0,,,,0,,0,TYPE UNKNOWN,RESIDENTIAL,0, ,TYPE UNKNOWN,0,0,2018-1-24,2018-2-2,0,0,0,0,0,0,0,0,0.0,0.0,0.0,0.0,0,0.0,0.0,0.0,-5.0,0.0,0.0,0.0,0.0,0.0,2.5,800000,0,0,0,0,0,0,0.0,0,2.69,88310,0.0,88310,ASSESSED VALUE,0.0,0,ASSESSED VALUE,2.69,88310,ASSESSED VALUE,88310,0.0,0,0,0,1110.72,0.0,2018
24656895806085,06085,50305041,50305041,246568958,0,0,0.7538,32835,NONE,Santa Clara County,69,SC,SANTA CLARA,BORDI,0,63113,US,CA,16390 STEVENS CANYON RD,"CUPERTINO, CA 95014",Cupertino,ExaStr,"16390 STEVENS CANYON RD, CUPERTINO, CA 95014",95014,Street,0.0,37.271255,-122.101901,0.0,"CO06085, CS0693660, DB0614430, DB0635910, SB0000070016, SB0000135802, SB0000135803, SB0000135804, SB0000135805, ZI95014",OWNER OCCUPIED,Vacant,RESIDENTIAL,VACANT LAND (NEC),0,VACANT LAND (NEC),80,,,0,0,0,0,0,BUILDING SQFT ,0,0,0,0,0.0,0,0,0.0,0,0,0,0,,,,0,,0,TYPE UNKNOWN,RESIDENTIAL,0, ,TYPE UNKNOWN,0,0,2018-1-24,2018-2-2,0,0,0,0,0,0,0,0,0.0,0.0,0.0,0.0,0,0.0,0.0,0.0,-5.0,0.0,0.0,0.0,0.0,0.0,2.5,800000,0,0,0,0,0,0,0.0,0,2.69,88310,0.0,88310,ASSESSED VALUE,0.0,0,ASSESSED VALUE,2.69,88310,ASSESSED VALUE,88310,0.0,0,0,0,1110.72,0.0,2018
4050882806085,06085,50305012,50305012,40508828,300,100,0.6887,30000,NONE,Santa Clara County,01,SC,SANTA CLARA,BORDI SUB/STEVENS CRK,0,63113,US,CA,16500 STEVENS CANYON RD,"CUPERTINO, CA 95014",Cupertino,ExaStr,"16500 STEVENS CANYON RD, CUPERTINO, CA 95014",95014,Street,0.0,37.271970,-122.104006,0.0,"CO06085, CS0693660, DB0614430, DB0635910, SB0000070016, SB0000135802, SB0000135803, SB0000135804, SB0000135805, ZI95014",OWNER OCCUPIED,Single Family Residence / Townhouse,RESIDENTIAL,SFR,1948,SFR,10,LOT 20,,1185,1185,1185,1185,1185,LIVING SQFT ,1185,0,0,0,1.0,0,0,1.0,2,4,0,1,,,,250,,1,TYPE UNKNOWN,RESIDENTIAL,1, ,TYPE UNKNOWN,1,1950,2018-1-24,2018-2-2,0,0,0,0,0,0,0,0,0.0,0.0,0.0,0.0,0,0.0,0.0,0.0,-5.0,0.0,0.0,0.0,0.0,0.0,2.5,132500,0,66250,112,0,0,0,259.69,307728,15.39,461601,649.22,769329,ASSESSED VALUE,259.69,307728,ASSESSED VALUE,25.64,461601,ASSESSED VALUE,769329,649.22,0,0,0,9429.78,7.96,2018
15676910006085,06085,35116012,35116012,156769100,0,0,112.6828,4908461,NONE,Santa Clara County,96,SC,SANTA CLARA,,0,63044,US,CA,16530 STEVENS CANYON RD,"CUPERTINO, CA 95014",Cupertino,ExaStr,"16530 STEVENS CANYON RD, CUPERTINO, CA 95014",95014,Street,0.0,37.272288,-122.104319,0.0,"CO06085, CS0693660, DB0614430, DB0635910, SB0000070016, SB0000135802, SB0000135803, SB0000135804, SB0000135805, ZI95014",OWNER OCCUPIED,Exempt,RESIDENTIAL,FOREST,0,FOREST,90,,,0,0,0,0,0,LIVING SQFT ,0,0,0,0,0.0,0,0,0.0,0,0,0,0,,,,0,,0,TYPE UNKNOWN,RESIDENTIAL,0, ,TYPE UNKNOWN,0,0,2018-1-24,2018-2-2,0,0,0,0,0,0,0,0,0.0,0.0,0.0,0.0,0,0.0,0.0,0.0,-5.0,0.0,0.0,0.0,0.0,0.0,2.5,0,0,0,0,0,0,0,0.0,48641,0.03,140805,0.0,189446,ASSESSED VALUE,0.0,48641,ASSESSED VALUE,0.04,140805,ASSESSED VALUE,189446,0.0,0,0,0,2916.74,0.0,2018
4610295206085,06085,35116013,35116013,46102952,0,0,2.373,103370,NONE,Santa Clara County,01,SC,SANTA CLARA,,0,63044,US,CA,16531 STEVENS CANYON RD,"CUPERTINO, CA 95014",Cupertino,ExaStr,"16531 STEVENS CANYON RD, CUPERTINO, CA 95014",95014,Street,0.0,37.272301,-122.104331,0.0,"CO06085, CS0693660, DB0614430, DB0635910, SB0000070016, SB0000135802, SB0000135803, SB0000135804, SB0000135805, ZI95014",OWNER OCCUPIED,Single Family Residence / Townhouse,RESIDENTIAL,SFR,1930,SFR,10,TWP 07S RGE 02W SEC 32 QTR SW4,,1127,1127,1127,1127,1127,LIVING SQFT ,1127,0,0,0,1.0,0,0,1.0,2,5,0,0,,,,866,,1,TYPE UNKNOWN,RESIDENTIAL,1, ,TYPE UNKNOWN,1,1930,2018-1-24,2018-2-2,0,0,0,0,0,0,0,0,0.0,0.0,0.0,0.0,0,0.0,0.0,0.0,-5.0,0.0,0.0,0.0,0.0,0.0,2.5,0,0,0,0,0,0,0,115.2,129829,6.15,636187,679.69,766016,ASSESSED VALUE,115.2,129829,ASSESSED VALUE,7.41,636187,ASSESSED VALUE,766016,679.69,0,0,0,9400.28,8.34,2018
14706676706085,06085,50305011,50305011,147066767,315,77,0.5568,24255,NONE,Santa Clara County,01,SC,SANTA CLARA,BORDI,0,63113,US,CA,16790 STEVENS CANYON RD,"CUPERTINO, CA 95014",Cupertino,ExaStr,"16790 STEVENS CANYON RD, CUPERTINO, CA 95014",95014,Street,0.0,37.275199,-122.107349,0.0,"CO06085, CS0693660, DB0614430, DB0635910, SB0000070016, SB0000135802, SB0000135803, SB0000135804, SB0000135805, ZI95014",OWNER OCCUPIED,Single Family Residence / Townhouse,RESIDENTIAL,SFR,1940,SFR,10,LOT 19,,1096,1096,1096,1096,1096,LIVING SQFT ,1096,0,0,0,1.0,0,0,1.0,3,6,0,1,,,,0,,1,TYPE UNKNOWN,RESIDENTIAL,1, ,TYPE UNKNOWN,1,1948,2018-1-24,2018-2-2,0,0,0,0,0,0,0,0,0.0,0.0,0.0,0.0,0,0.0,0.0,0.0,-5.0,0.0,0.0,0.0,0.0,0.0,2.5,750000,0,250000,684,0,0,0,221.17,242406,23.32,565618,737.25,808024,ASSESSED VALUE,221.17,242406,ASSESSED VALUE,33.31,565618,ASSESSED VALUE,808024,737.25,0,0,0,9881.56,9.02,2018
24926744106085,06085,98439012,98439012,249267441,0,0,0.0,0,NONE,Santa Clara County,74,SC,SANTA CLARA,,0,63113,US,CA,16891 STEVENS CANYON RD,"CUPERTINO, CA 95014",Cupertino,ExaStr,"16891 STEVENS CANYON RD, CUPERTINO, CA 95014",95014,Street,0.0,37.277065,-122.110647,0.0,"CO06085, CS0693660, DB0614430, DB0635910, SB0000070016, SB0000135802, SB0000135803, SB0000135804, SB0000135805, ZI95014",OWNER OCCUPIED,Exempt,RESIDENTIAL,PUBLIC (NEC),0,PUBLIC (NEC),90,,,0,0,0,0,0,BUILDING SQFT ,0,0,0,0,0.0,0,0,0.0,0,0,0,0,,,,0,,0,TYPE UNKNOWN,RESIDENTIAL,0, ,TYPE UNKNOWN,0,0,2018-1-24,2018-2-2,0,0,0,0,0,0,0,0,0.0,0.0,0.0,0.0,0,0.0,0.0,0.0,-5.0,0.0,0.0,0.0,0.0,0.0,2.5,0,0,0,0,0,0,0,0.0,33239,0.0,22159,0.0,55398,ASSESSED VALUE,0.0,33239,ASSESSED VALUE,0.0,22159,ASSESSED VALUE,55398,0.0,0,0,0,659.76,0.0,2018
24121336306085,06085,50305014,50305014,241213363,288,100,0.6612,28800,NONE,Santa Clara County,96,SC,SANTA CLARA,BORDI,0,63113,US,CA,16890 STEVENS CANYON RD,"CUPERTINO, CA 95014",Cupertino,ExaExt,"16890 STEVENS CANYON RD, CUPERTINO, CA 95014",95014,Extrapolate,0.0,37.277078,-122.110668,0.0,"CO06085, CS0693660, DB0614430, DB0635910, SB0000070016, SB0000135802, SB0000135803, SB0000135804, SB0000135805, ZI95014",OWNER OCCUPIED,Exempt,RESIDENTIAL,FOREST,1900,FOREST,90,LOT 22,,0,0,0,0,0,LIVING SQFT ,0,0,0,0,0.0,0,0,0.0,0,0,0,0,,,,0,,0,TYPE UNKNOWN,RESIDENTIAL,0, ,TYPE UNKNOWN,1,1900,2018-1-24,2018-2-2,0,0,0,0,0,0,0,0,0.0,0.0,0.0,0.0,0,0.0,0.0,0.0,-5.0,0.0,0.0,0.0,0.0,0.0,2.5,385000,0,0,0,0,0,0,0.0,0,4.22,121469,0.0,121469,ASSESSED VALUE,0.0,0,ASSESSED VALUE,4.22,121469,ASSESSED VALUE,121469,0.0,0,0,0,1811.24,0.0,2018
24121336306085,06085,50305014,50305014,241213363,288,100,0.6612,28800,NONE,Santa Clara County,96,SC,SANTA CLARA,BORDI,0,63113,US,CA,16890 STEVENS CANYON RD,"CUPERTINO, CA 95014",Cupertino,ExaExt,"16890 STEVENS CANYON RD, CUPERTINO, CA 95014",95014,Extrapolate,0.0,37.277078,-122.110668,0.0,"CO06085, CS0693660, DB0614430, DB0635910, SB0000070016, SB0000135802, SB0000135803, SB0000135804, SB0000135805, ZI95014",OWNER OCCUPIED,Exempt,RESIDENTIAL,FOREST,1900,FOREST,90,LOT 22,,0,0,0,0,0,LIVING SQFT ,0,0,0,0,0.0,0,0,0.0,0,0,0,0,,,,0,,0,TYPE UNKNOWN,RESIDENTIAL,0, ,TYPE UNKNOWN,1,1900,2018-1-24,2018-2-2,0,0,0,0,0,0,0,0,0.0,0.0,0.0,0.0,0,0.0,0.0,0.0,-5.0,0.0,0.0,0.0,0.0,0.0,2.5,385000,0,0,0,0,0,0,0.0,0,4.22,121469,0.0,121469,ASSESSED VALUE,0.0,0,ASSESSED VALUE,4.22,121469,ASSESSED VALUE,121469,0.0,0,0,0,1811.24,0.0,2018
24121209406085,06085,35127003,35127003,241212094,0,0,40.0,1742400,NONE,Santa Clara County,96,SC,SANTA CLARA,,0,63044,US,CA,17005 STEVENS CANYON RD,"CUPERTINO, CA 95014",Cupertino,ExaStr,"17005 STEVENS CANYON RD, CUPERTINO, CA 95014",95014,Street,0.0,37.277146,-122.110853,0.0,"CO06085, CS0693660, DB0614430, DB0635910, SB0000070016, SB0000135802, SB0000135803, SB0000135804, SB0000135805, ZI95014",ABSENTEE(MAIL AND SITUS NOT =),Exempt,RESIDENTIAL,FOREST,0,FOREST,90,,,0,0,0,0,0,LIVING SQFT ,0,0,0,0,0.0,0,0,0.0,0,0,0,0,,,,0,,0,TYPE UNKNOWN,RESIDENTIAL,0, ,TYPE UNKNOWN,0,0,2018-1-24,2018-2-2,0,0,0,0,0,0,0,0,0.0,0.0,0.0,0.0,0,0.0,0.0,0.0,-5.0,0.0,0.0,0.0,0.0,0.0,2.5,0,0,0,0,0,0,0,0.0,0,0.0,0,0.0,0,ASSESSED VALUE,0.0,0,ASSESSED VALUE,0.0,0,ASSESSED VALUE,0,0.0,0,0,0,0.0,0.0,0
24121209406085,06085,35127003,35127003,241212094,0,0,40.0,1742400,NONE,Santa Clara County,96,SC,SANTA CLARA,,0,63044,US,CA,17005 STEVENS CANYON RD,"CUPERTINO, CA 95014",Cupertino,ExaStr,"17005 STEVENS CANYON RD, CUPERTINO, CA 95014",95014,Street,0.0,37.277146,-122.110853,0.0,"CO06085, CS0693660, DB0614430, DB0635910, SB0000070016, SB0000135802, SB0000135803, SB0000135804, SB0000135805, ZI95014",ABSENTEE(MAIL AND SITUS NOT =),Exempt,RESIDENTIAL,FOREST,0,FOREST,90,,,0,0,0,0,0,LIVING SQFT ,0,0,0,0,0.0,0,0,0.0,0,0,0,0,,,,0,,0,TYPE UNKNOWN,RESIDENTIAL,0, ,TYPE UNKNOWN,0,0,2018-1-24,2018-2-2,0,0,0,0,0,0,0,0,0.0,0.0,0.0,0.0,0,0.0,0.0,0.0,-5.0,0.0,0.0,0.0,0.0,0.0,2.5,0,0,0,0,0,0,0,0.0,0,0.0,0,0.0,0,ASSESSED VALUE,0.0,0,ASSESSED VALUE,0.0,0,ASSESSED VALUE,0,0.0,0,0,0,0.0,0.0,0
24121209406085,06085,35127003,35127003,241212094,0,0,40.0,1742400,NONE,Santa Clara County,96,SC,SANTA CLARA,,0,63044,US,CA,17005 STEVENS CANYON RD,"CUPERTINO, CA 95014",Cupertino,ExaStr,"17005 STEVENS CANYON RD, CUPERTINO, CA 95014",95014,Street,0.0,37.277146,-122.110853,0.0,"CO06085, CS0693660, DB0614430, DB0635910, SB0000070016, SB0000135802, SB0000135803, SB0000135804, SB0000135805, ZI95014",ABSENTEE(MAIL AND SITUS NOT =),Exempt,RESIDENTIAL,FOREST,0,FOREST,90,,,0,0,0,0,0,LIVING SQFT ,0,0,0,0,0.0,0,0,0.0,0,0,0,0,,,,0,,0,TYPE UNKNOWN,RESIDENTIAL,0, ,TYPE UNKNOWN,0,0,2018-1-24,2018-2-2,0,0,0,0,0,0,0,0,0.0,0.0,0.0,0.0,0,0.0,0.0,0.0,-5.0,0.0,0.0,0.0,0.0,0.0,2.5,0,0,0,0,0,0,0,0.0,0,0.0,0,0.0,0,ASSESSED VALUE,0.0,0,ASSESSED VALUE,0.0,0,ASSESSED VALUE,0,0.0,0,0,0,0.0,0.0,0
24121209406085,06085,35127003,35127003,241212094,0,0,40.0,1742400,NONE,Santa Clara County,96,SC,SANTA CLARA,,0,63044,US,CA,17005 STEVENS CANYON RD,"CUPERTINO, CA 95014",Cupertino,ExaStr,"17005 STEVENS CANYON RD, CUPERTINO, CA 95014",95014,Street,0.0,37.277146,-122.110853,0.0,"CO06085, CS0693660, DB0614430, DB0635910, SB0000070016, SB0000135802, SB0000135803, SB0000135804, SB0000135805, ZI95014",ABSENTEE(MAIL AND SITUS NOT =),Exempt,RESIDENTIAL,FOREST,0,FOREST,90,,,0,0,0,0,0,LIVING SQFT ,0,0,0,0,0.0,0,0,0.0,0,0,0,0,,,,0,,0,TYPE UNKNOWN,RESIDENTIAL,0, ,TYPE UNKNOWN,0,0,2018-1-24,2018-2-2,0,0,0,0,0,0,0,0,0.0,0.0,0.0,0.0,0,0.0,0.0,0.0,-5.0,0.0,0.0,0.0,0.0,0.0,2.5,0,0,0,0,0,0,0,0.0,0,0.0,0,0.0,0,ASSESSED VALUE,0.0,0,ASSESSED VALUE,0.0,0,ASSESSED VALUE,0,0.0,0,0,0,0.0,0.0,0
5107296306085,06085,35116020,35116020,51072963,0,0,48.0248,2091962,NONE,Santa Clara County,96,SC,SANTA CLARA,,0,63044,US,CA,17251 STEVENS CANYON RD,"CUPERTINO, CA 95014",Cupertino,ExaStr,"17251 STEVENS CANYON RD, CUPERTINO, CA 95014",95014,Street,0.0,37.278187,-122.112115,0.0,"CO06085, CS0693660, DB0614430, DB0635910, SB0000070016, SB0000135802, SB0000135803, SB0000135804, SB0000135805, ZI95014",ABSENTEE(MAIL AND SITUS NOT =),Exempt,RESIDENTIAL,FOREST,0,FOREST,90,MAP J6 851,,0,0,0,0,0,LIVING SQFT ,0,0,0,0,0.0,0,0,0.0,0,0,0,0,,,,0,,0,TYPE UNKNOWN,RESIDENTIAL,0, ,TYPE UNKNOWN,0,0,2018-1-24,2018-2-2,0,0,0,0,0,0,0,0,0.0,0.0,0.0,0.0,0,0.0,0.0,0.0,-5.0,0.0,0.0,0.0,0.0,0.0,2.5,0,0,0,0,0,0,0,0.0,38359,0.33,696970,0.0,735329,ASSESSED VALUE,0.0,38359,ASSESSED VALUE,0.35,696970,ASSESSED VALUE,735329,0.0,0,0,0,9224.28,0.0,2015
15560105906085,06085,35126002,35126002,155601059,1496,975,33.4848,1458600,NONE,Santa Clara County,01,SC,SANTA CLARA,,0,63044,US,CA,17281 STEVENS CANYON RD,"CUPERTINO, CA 95014",Cupertino,ExaStr,"17281 STEVENS CANYON RD, CUPERTINO, CA 95014",95014,Street,0.0,37.279037,-122.114629,0.0,"CO06085, CS0693660, DB0614430, DB0635910, ZI95014",ABSENTEE(MAIL AND SITUS NOT =),Single Family Residence / Townhouse,RESIDENTIAL,SFR,1978,SFR,10,LOT A,,1831,1831,1831,1831,1831,LIVING SQFT ,1831,0,0,0,2.0,0,0,2.0,3,6,0,1,,,,480,,1,TYPE UNKNOWN,RESIDENTIAL,1, ,TYPE UNKNOWN,1,1979,2018-1-24,2018-2-2,0,0,0,0,0,0,0,0,0.0,0.0,0.0,0.0,0,0.0,0.0,0.0,-5.0,0.0,0.0,0.0,0.0,0.0,2.5,0,0,0,0,0,0,0,0.0,0,0.0,0,0.0,0,ASSESSED VALUE,0.0,0,ASSESSED VALUE,0.0,0,ASSESSED VALUE,0,0.0,0,0,0,0.0,0.0,0
15560106206085,06085,35127005,35127005,155601062,0,0,9.7449,424490,NONE,Santa Clara County,69,SC,SANTA CLARA,,0,63044,US,CA,17288 STEVENS CANYON RD,"CUPERTINO, CA 95014",Cupertino,ExaStr,"17288 STEVENS CANYON RD, CUPERTINO, CA 95014",95014,Street,0.0,37.279044,-122.115287,0.0,"CO06085, CS0693660, DB0614430, DB0635910, SB0000070016, SB0000135802, SB0000135803, SB0000135804, SB0000135805, ZI95014",,Vacant,RESIDENTIAL,VACANT LAND (NEC),0,VACANT LAND (NEC),80,LOT B,,0,0,0,0,0,BUILDING SQFT ,0,0,0,0,0.0,0,0,0.0,0,0,0,0,,,,0,,0,TYPE UNKNOWN,RESIDENTIAL,0, ,TYPE UNKNOWN,0,0,2018-1-24,2018-2-2,0,0,0,0,0,0,0,0,0.0,0.0,0.0,0.0,0,0.0,0.0,0.0,-5.0,0.0,0.0,0.0,0.0,0.0,2.5,0,0,0,0,0,0,0,0.0,0,0.33,139609,0.0,139609,ASSESSED VALUE,0.0,0,ASSESSED VALUE,0.33,139609,ASSESSED VALUE,139609,0.0,0,0,0,2120.88,0.0,2018
15560106206085,06085,35127005,35127005,155601062,0,0,9.7449,424490,NONE,Santa Clara County,69,SC,SANTA CLARA,,0,63044,US,CA,17288 STEVENS CANYON RD,"CUPERTINO, CA 95014",Cupertino,ExaStr,"17288 STEVENS CANYON RD, CUPERTINO, CA 95014",95014,Street,0.0,37.279044,-122.115287,0.0,"CO06085, CS0693660, DB0614430, DB0635910, SB0000070016, SB0000135802, SB0000135803, SB0000135804, SB0000135805, ZI95014",,Vacant,RESIDENTIAL,VACANT LAND (NEC),0,VACANT LAND (NEC),80,LOT B,,0,0,0,0,0,BUILDING SQFT ,0,0,0,0,0.0,0,0,0.0,0,0,0,0,,,,0,,0,TYPE UNKNOWN,RESIDENTIAL,0, ,TYPE UNKNOWN,0,0,2018-1-24,2018-2-2,0,0,0,0,0,0,0,0,0.0,0.0,0.0,0.0,0,0.0,0.0,0.0,-5.0,0.0,0.0,0.0,0.0,0.0,2.5,0,0,0,0,0,0,0,0.0,0,0.33,139609,0.0,139609,ASSESSED VALUE,0.0,0,ASSESSED VALUE,0.33,139609,ASSESSED VALUE,139609,0.0,0,0,0,2120.88,0.0,2018
15676909706085,06085,35115024,35115024,156769097,0,0,2.2012,95883,NONE,Santa Clara County,01,SC,SANTA CLARA,,0,63044,US,CA,17294 STEVENS CANYON RD,"CUPERTINO, CA 95014",Cupertino,ExaStr,"17294 STEVENS CANYON RD, CUPERTINO, CA 95014",95014,Street,0.0,37.279085,-122.115630,0.0,"CO06085, CS0693660, DB0614430, DB0635910, ZI95014",OWNER OCCUPIED,Single Family Residence / Townhouse,RESIDENTIAL,SFR,1973,SFR,10,LOT B,,676,676,676,676,676,LIVING SQFT ,676,0,0,0,1.5,0,0,1.5,2,4,0,0,,,,0,,1,TYPE UNKNOWN,RESIDENTIAL,1, ,TYPE UNKNOWN,1,1973,2018-1-24,2018-2-2,0,0,0,0,0,0,0,0,0.0,0.0,0.0,0.0,0,0.0,0.0,0.0,-5.0,0.0,0.0,0.0,0.0,0.0,2.5,0,0,0,0,0,0,0,223.95,151390,3.07,294386,659.43,445776,ASSESSED VALUE,223.95,151390,ASSESSED VALUE,4.65,294386,ASSESSED VALUE,445776,659.43,0,0,0,5654.78,8.37,2018
15560106006085,06085,35126004,35126004,155601060,0,0,31.69,1380416,NONE,Santa Clara County,01,SC,SANTA CLARA,,0,63044,US,CA,17287 STEVENS CANYON RD,"CUPERTINO, CA 95014",Cupertino,ExaStr,"17287 STEVENS CANYON RD, CUPERTINO, CA 95014",95014,Street,0.0,37.279306,-122.115201,0.0,"CO06085, CS0693660, DB0614430, DB0635910, SB0000070016, SB0000135802, SB0000135803, SB0000135804, SB0000135805, ZI95014",ABSENTEE(MAIL AND SITUS NOT =),Single Family Residence / Townhouse,RESIDENTIAL,SFR,1972,SFR,10,MAP 253 PG 34 LOT B,,1962,1962,1962,1962,1962,LIVING SQFT ,1962,0,0,0,2.0,0,0,2.0,3,5,0,1,,,,480,,1,TYPE UNKNOWN,RESIDENTIAL,1, ,TYPE UNKNOWN,1,1975,2018-1-24,2018-2-2,0,0,0,0,0,0,0,0,0.0,0.0,0.0,0.0,0,0.0,0.0,0.0,-5.0,0.0,0.0,0.0,0.0,0.0,2.5,1500000,0,500000,765,0,0,0,0.0,0,0.0,0,0.0,0,ASSESSED VALUE,0.0,0,ASSESSED VALUE,0.0,0,ASSESSED VALUE,0,0.0,0,0,0,0.0,0.0,0
24121206006085,06085,35115004,35115004,241212060,94,74,0.15,6534,NONE,Santa Clara County,69,SC,SANTA CLARA,,0,63044,US,CA,17300 STEVENS CANYON RD,"CUPERTINO, CA 95014",Cupertino,ExaStr,"17300 STEVENS CANYON RD, CUPERTINO, CA 95014",95014,Street,0.0,37.280373,-122.117762,0.0,"CO06085, CS0693660, DB0614430, DB0635910, ZI95014",OWNER OCCUPIED,Vacant,RESIDENTIAL,VACANT LAND (NEC),0,VACANT LAND (NEC),80,,,0,0,0,0,0,BUILDING SQFT ,0,0,0,0,0.0,0,0,0.0,0,0,0,0,,,,0,,0,TYPE UNKNOWN,RESIDENTIAL,0, ,TYPE UNKNOWN,0,0,2018-1-24,2018-2-2,0,0,0,0,0,0,0,0,0.0,0.0,0.0,0.0,0,0.0,0.0,0.0,-5.0,0.0,0.0,0.0,0.0,0.0,2.5,15000,0,0,0,0,0,0,0.0,0,2.3,15000,0.0,15000,ASSESSED VALUE,0.0,0,ASSESSED VALUE,2.3,15000,ASSESSED VALUE,15000,0.0,0,0,0,596.46,0.0,2018
24121206006085,06085,35115004,35115004,241212060,94,74,0.15,6534,NONE,Santa Clara County,69,SC,SANTA CLARA,,0,63044,US,CA,17300 STEVENS CANYON RD,"CUPERTINO, CA 95014",Cupertino,ExaStr,"17300 STEVENS CANYON RD, CUPERTINO, CA 95014",95014,Street,0.0,37.280373,-122.117762,0.0,"CO06085, CS0693660, DB0614430, DB0635910, ZI95014",OWNER OCCUPIED,Vacant,RESIDENTIAL,VACANT LAND (NEC),0,VACANT LAND (NEC),80,,,0,0,0,0,0,BUILDING SQFT ,0,0,0,0,0.0,0,0,0.0,0,0,0,0,,,,0,,0,TYPE UNKNOWN,RESIDENTIAL,0, ,TYPE UNKNOWN,0,0,2018-1-24,2018-2-2,0,0,0,0,0,0,0,0,0.0,0.0,0.0,0.0,0,0.0,0.0,0.0,-5.0,0.0,0.0,0.0,0.0,0.0,2.5,15000,0,0,0,0,0,0,0.0,0,2.3,15000,0.0,15000,ASSESSED VALUE,0.0,0,ASSESSED VALUE,2.3,15000,ASSESSED VALUE,15000,0.0,0,0,0,596.46,0.0,2018
15676909806085,06085,35115028,35115028,156769098,0,0,2.08,90604,NONE,Santa Clara County,01,SC,SANTA CLARA,,0,63044,US,CA,17298 STEVENS CANYON RD,"CUPERTINO, CA 95014",Cupertino,ExaStr,"17298 STEVENS CANYON RD, CUPERTINO, CA 95014",95014,Street,0.0,37.280392,-122.117782,0.0,"CO06085, CS0693660, DB0614430, DB0635910, SB0000070016, SB0000135802, SB0000135803, SB0000135804, SB0000135805, ZI95014",OWNER OCCUPIED,Single Family Residence / Townhouse,RESIDENTIAL,SFR,1970,SFR,10,,,1188,1188,1188,936,1188,LIVING SQFT ,1188,0,0,0,1.5,0,0,1.5,2,5,0,0,,,,0,,1,TYPE UNKNOWN,RESIDENTIAL,2, ,TYPE UNKNOWN,1,1970,2018-1-24,2018-2-2,0,0,0,0,0,0,0,0,0.0,0.0,0.0,0.0,0,0.0,0.0,0.0,-5.0,0.0,0.0,0.0,0.0,0.0,2.5,0,0,0,0,0,0,0,122.22,145198,2.21,200055,290.62,345253,ASSESSED VALUE,122.22,145198,ASSESSED VALUE,3.81,200055,ASSESSED VALUE,345253,290.62,0,0,0,4130.72,3.48,2018
15690711106085,06085,35115031,35115031,156907111,0,0,0.2311,10066,NONE,Santa Clara County,01,SC,SANTA CLARA,,0,63044,US,CA,17310 STEVENS CANYON RD,"CUPERTINO, CA 95014",Cupertino,ExaStr,"17310 STEVENS CANYON RD, CUPERTINO, CA 95014",95014,Street,0.0,37.280449,-122.117838,0.0,"CO06085, CS0693660, DB0614430, DB0635910, SB0000070016, SB0000135802, SB0000135803, SB0000135804, SB0000135805, ZI95014",ABSENTEE(MAIL AND SITUS NOT =),Single Family Residence / Townhouse,RESIDENTIAL,SFR,2001,SFR,10,,,2500,2500,2500,1176,2500,LIVING SQFT ,2500,0,0,0,2.0,0,0,2.0,4,6,0,0,,,,560,,1,TYPE UNKNOWN,RESIDENTIAL,2, ,TYPE UNKNOWN,1,2001,2018-1-24,2018-2-2,0,0,0,0,0,0,0,0,0.0,0.0,0.0,0.0,0,0.0,0.0,0.0,-5.0,0.0,0.0,0.0,0.0,0.0,2.5,158000,0,39500,63,0,0,0,0.0,0,16.01,161160,64.46,161160,ASSESSED VALUE,0.0,0,ASSESSED VALUE,16.01,161160,ASSESSED VALUE,161160,64.46,0,0,0,2391.42,0.96,2018
15690711206085,06085,35115032,35115032,156907112,100,180,2.03,88426,NONE,Santa Clara County,01,SC,SANTA CLARA,,0,63044,US,CA,17320 STEVENS CANYON RD,"CUPERTINO, CA 95014",Cupertino,ExaStr,"17320 STEVENS CANYON RD, CUPERTINO, CA 95014",95014,Street,0.0,37.280514,-122.117910,0.0,"CO06085, CS0693660, DB0614430, DB0635910, SB0000070016, SB0000135802, SB0000135803, SB0000135804, SB0000135805, ZI95014",ABSENTEE(MAIL AND SITUS NOT =),Single Family Residence / Townhouse,RESIDENTIAL,SFR,1940,SFR,10,,,786,786,786,546,786,LIVING SQFT ,786,0,0,0,1.0,0,0,1.0,3,5,0,0,,,,0,,1,TYPE UNKNOWN,RESIDENTIAL,1, ,TYPE UNKNOWN,1,1965,2018-1-24,2018-2-2,69,356000,427000,286000,141000,0,0,0,452.93,77.13,1.02,0.0,0,39.61,271700.0,405650.0,64.0,286000.0,427000.0,69.0,293150.0,437675.0,71.5,350000,0,116667,445,0,0,0,0.0,0,3.96,350000,445.29,350000,ASSESSED VALUE,0.0,0,ASSESSED VALUE,3.96,350000,ASSESSED VALUE,350000,445.29,0,0,0,4615.5,5.87,2018
5108245306085,06085,35115033,35115033,51082453,0,0,5.9432,258884,NONE,Santa Clara County,01,SC,SANTA CLARA,,0,63044,US,CA,17450 STEVENS CANYON RD,"CUPERTINO, CA 95014",Cupertino,ExaStr,"17450 STEVENS CANYON RD, CUPERTINO, CA 95014",95014,Street,0.0,37.281010,-122.118909,0.0,"CO06085, CS0693660, DB0614430, DB0635910, SB0000070016, SB0000135802, SB0000135803, SB0000135804, SB0000135805, ZI95014",OWNER OCCUPIED,Single Family Residence / Townhouse,RESIDENTIAL,SFR,1987,SFR,10,,,1244,1244,1244,796,1244,LIVING SQFT ,1244,0,0,0,2.0,0,0,2.0,2,5,0,0,,,,0,,1,TYPE UNKNOWN,RESIDENTIAL,2, ,TYPE UNKNOWN,1,1987,2018-1-24,2018-2-2,0,0,0,0,0,0,0,0,0.0,0.0,0.0,0.0,0,0.0,0.0,0.0,-5.0,0.0,0.0,0.0,0.0,0.0,2.5,0,0,0,0,0,0,0,246.63,306802,5.12,1324317,1311.19,1631119,ASSESSED VALUE,246.63,306802,ASSESSED VALUE,6.3,1324317,ASSESSED VALUE,1631119,1311.19,0,0,0,19641.28,15.79,2018
4616738706085,06085,35115020,35115020,46167387,0,0,9.1107,396861,NONE,Santa Clara County,69,SC,SANTA CLARA,,0,63044,US,CA,17455 STEVENS CANYON RD,"CUPERTINO, CA 95014",Cupertino,ExaStr,"17455 STEVENS CANYON RD, CUPERTINO, CA 95014",95014,Street,0.0,37.281331,-122.118798,0.0,"CO06085, CS0693660, DB0614430, DB0635910, SB0000070016, SB0000135802, SB0000135803, SB0000135804, SB0000135805, ZI95014",ABSENTEE(MAIL AND SITUS NOT =),Vacant,RESIDENTIAL,VACANT LAND (NEC),0,VACANT LAND (NEC),80,LOT B,,0,0,0,0,0,BUILDING SQFT ,0,0,0,0,0.0,0,0,0.0,0,0,0,0,,,,0,,0,TYPE UNKNOWN,RESIDENTIAL,0, ,TYPE UNKNOWN,0,0,2018-1-24,2018-2-2,0,0,0,0,0,0,0,0,0.0,0.0,0.0,0.0,0,0.0,0.0,0.0,-5.0,0.0,0.0,0.0,0.0,0.0,2.5,0,0,0,0,0,0,0,0.0,0,0.0,0,0.0,0,ASSESSED VALUE,0.0,0,ASSESSED VALUE,0.0,0,ASSESSED VALUE,0,0.0,0,0,0,0.0,0.0,0
817061606085,06085,35115026,35115026,8170616,0,0,1.14,49658,NONE,Santa Clara County,69,SC,SANTA CLARA,,0,63044,US,CA,17580 STEVENS CANYON RD,"CUPERTINO, CA 95014",Cupertino,ExaStr,"17580 STEVENS CANYON RD, CUPERTINO, CA 95014",95014,Street,0.0,37.281959,-122.120421,0.0,"CO06085, CS0693660, DB0614430, DB0635910, SB0000070016, SB0000135802, SB0000135803, SB0000135804, SB0000135805, ZI95014",ABSENTEE(MAIL AND SITUS NOT =),Vacant,RESIDENTIAL,VACANT LAND (NEC),1930,VACANT LAND (NEC),80,LOT B,,640,640,640,640,640,BUILDING SQFT ,640,0,0,0,1.0,0,0,1.0,1,3,0,0,,,,247,,0,TYPE UNKNOWN,RESIDENTIAL,1, ,TYPE UNKNOWN,1,1930,2018-1-24,2018-2-2,0,0,0,0,0,0,0,0,0.0,0.0,0.0,0.0,0,0.0,0.0,0.0,-5.0,0.0,0.0,0.0,0.0,0.0,2.5,107000,0,107000,167,0,0,0,0.0,0,8.32,413092,645.46,413092,ASSESSED VALUE,0.0,0,ASSESSED VALUE,8.32,413092,ASSESSED VALUE,413092,645.46,0,0,0,5259.02,8.22,2018
15676909406085,06085,35115010,35115010,156769094,90,50,0.1033,4500,NONE,Santa Clara County,09,SC,SANTA CLARA,MONTA VISTA,0,63044,US,CA,17690 STEVENS CANYON RD,"CUPERTINO, CA 95014",Cupertino,ExaStr,"17690 STEVENS CANYON RD, CUPERTINO, CA 95014",95014,Street,0.0,37.283049,-122.121205,0.0,"CO06085, CS0693660, DB0614430, DB0635910, SB0000070016, SB0000135802, SB0000135803, SB0000135804, SB0000135805, ZI95014",ABSENTEE(MAIL AND SITUS NOT =),Single Family Residence / Townhouse,RESIDENTIAL,SFR,1930,SFR,10,,,0,0,0,0,0,LIVING SQFT ,0,0,0,0,0.0,0,0,0.0,0,0,0,0,,,,0,,0,TYPE UNKNOWN,RESIDENTIAL,0, ,TYPE UNKNOWN,1,1930,2018-1-24,2018-2-2,0,0,0,0,0,0,0,0,0.0,0.0,0.0,0.0,0,0.0,0.0,0.0,-5.0,0.0,0.0,0.0,0.0,0.0,2.5,0,0,0,0,0,0,0,0.0,0,12.25,55122,0.0,55122,ASSESSED VALUE,0.0,0,ASSESSED VALUE,12.25,55122,ASSESSED VALUE,55122,0.0,0,0,0,1140.98,0.0,2018
15676909506085,06085,35115015,35115015,156769095,130,50,0.1492,6500,NONE,Santa Clara County,01,SC,SANTA CLARA,,0,63044,US,CA,17950 STEVENS CANYON RD,"CUPERTINO, CA 95014",Cupertino,ExaStr,"17950 STEVENS CANYON RD, CUPERTINO, CA 95014",95014,Street,0.0,37.284580,-122.124398,0.0,"CO06085, CS0693660, DB0614430, DB0635910, SB0000070016, SB0000135802, SB0000135803, SB0000135804, SB0000135805, ZI95014",OWNER OCCUPIED,Single Family Residence / Townhouse,RESIDENTIAL,SFR,1920,SFR,10,,,0,0,0,0,0,LIVING SQFT ,0,0,0,0,1.0,1,0,1.0,0,0,400,1,RAISED,COMPOSITION SHINGLE,ASBESTOS,0,,0,TYPE UNKNOWN,RESIDENTIAL,0, ,TYPE UNKNOWN,1,1920,2018-1-24,2018-2-2,0,0,0,0,0,0,0,0,0.0,0.0,0.0,0.0,0,0.0,0.0,0.0,-5.0,0.0,0.0,0.0,0.0,0.0,2.5,0,0,0,0,0,0,0,0.0,16017,1.99,12967,0.0,28984,ASSESSED VALUE,0.0,16017,ASSESSED VALUE,4.46,12967,ASSESSED VALUE,28984,0.0,0,0,0,852.18,0.0,2018
15676909606085,06085,35115017,35115017,156769096,134,180,0.1405,6120,NONE,Santa Clara County,01,SC,SANTA CLARA,,0,63044,US,CA,17952 STEVENS CANYON RD,"CUPERTINO, CA 95014",Cupertino,ExaStr,"17952 STEVENS CANYON RD, CUPERTINO, CA 95014",95014,Street,0.0,37.284603,-122.124401,0.0,"CO06085, CS0693660, DB0614430, DB0635910, ZI95014",OWNER OCCUPIED,Single Family Residence / Townhouse,RESIDENTIAL,SFR,1966,SFR,10,MAP J6 851,,780,780,780,780,780,LIVING SQFT ,780,0,0,0,1.0,0,0,1.0,2,4,0,1,,,,240,,1,TYPE UNKNOWN,RESIDENTIAL,1, ,TYPE UNKNOWN,1,1966,2018-1-24,2018-2-2,0,0,0,0,0,0,0,0,0.0,0.0,0.0,0.0,0,0.0,0.0,0.0,-5.0,0.0,0.0,0.0,0.0,0.0,2.5,0,0,0,0,0,0,0,37.97,29618,2.82,17232,60.06,46850,ASSESSED VALUE,37.97,29618,ASSESSED VALUE,7.66,17232,ASSESSED VALUE,46850,60.06,0,0,0,981.14,1.26,2018
20479348406085,06085,35113018,35113018,204793484,0,0,17.1731,748059,NONE,Santa Clara County,96,SC,SANTA CLARA,,0,63044,US,CA,18000 STEVENS CANYON RD,"CUPERTINO, CA 95014",Cupertino,ExaStr,"18000 STEVENS CANYON RD, CUPERTINO, CA 95014",95014,Street,0.0,37.285039,-122.124371,0.0,"CO06085, CS0693660, DB0614430, DB0635910, SB0000070016, SB0000135802, SB0000135803, SB0000135804, SB0000135805, ZI95014",ABSENTEE(MAIL AND SITUS NOT =),Exempt,RESIDENTIAL,FOREST,0,FOREST,90,,,0,0,0,0,0,LIVING SQFT ,0,0,0,0,0.0,0,0,0.0,0,0,0,0,,,,0,,0,TYPE UNKNOWN,RESIDENTIAL,0, ,TYPE UNKNOWN,0,0,2018-1-24,2018-2-2,0,0,0,0,0,0,0,0,0.0,0.0,0.0,0.0,0,0.0,0.0,0.0,-5.0,0.0,0.0,0.0,0.0,0.0,2.5,0,0,0,0,0,0,0,0.0,3733,0.02,14801,0.0,18534,ASSESSED VALUE,0.0,3733,ASSESSED VALUE,0.02,14801,ASSESSED VALUE,18534,0.0,0,0,0,658.52,0.0,2013
20479348406085,06085,35113018,35113018,204793484,0,0,17.1731,748059,NONE,Santa Clara County,96,SC,SANTA CLARA,,0,63044,US,CA,18000 STEVENS CANYON RD,"CUPERTINO, CA 95014",Cupertino,ExaStr,"18000 STEVENS CANYON RD, CUPERTINO, CA 95014",95014,Street,0.0,37.285039,-122.124371,0.0,"CO06085, CS0693660, DB0614430, DB0635910, SB0000070016, SB0000135802, SB0000135803, SB0000135804, SB0000135805, ZI95014",ABSENTEE(MAIL AND SITUS NOT =),Exempt,RESIDENTIAL,FOREST,0,FOREST,90,,,0,0,0,0,0,LIVING SQFT ,0,0,0,0,0.0,0,0,0.0,0,0,0,0,,,,0,,0,TYPE UNKNOWN,RESIDENTIAL,0, ,TYPE UNKNOWN,0,0,2018-1-24,2018-2-2,0,0,0,0,0,0,0,0,0.0,0.0,0.0,0.0,0,0.0,0.0,0.0,-5.0,0.0,0.0,0.0,0.0,0.0,2.5,0,0,0,0,0,0,0,0.0,3733,0.02,14801,0.0,18534,ASSESSED VALUE,0.0,3733,ASSESSED VALUE,0.02,14801,ASSESSED VALUE,18534,0.0,0,0,0,658.52,0.0,2013
15676909906085,06085,35116008,35116008,156769099,0,0,22.259,969600,TYPE UNKNOWN,Santa Clara County,91,SC,SANTA CLARA,,0,63044,US,CA,13350 MONTEBELLO RD,"CUPERTINO, CA 95014",Cupertino,ExaStr,"13350 MONTEBELLO RD, CUPERTINO, CA 95014",95014,Street,0.0,37.287163,-122.088882,0.0,"CO06085, CS0693660, DB0614430, DB0635910, SB0000070016, SB0000135802, SB0000135803, SB0000135804, SB0000135805, ZI95014",ABSENTEE(MAIL AND SITUS NOT =),Agricultural,RESIDENTIAL,ORCHARD,1938,ORCHARD,70,,,0,0,3291,0,3291,LIVING SQFT ,3291,0,0,0,5.0,0,0,5.0,4,7,0,0,,,,2078,,0,TYPE UNKNOWN,RESIDENTIAL,1, ,TYPE UNKNOWN,1,0,2018-1-24,2018-2-2,0,0,0,0,0,0,0,0,0.0,0.0,0.0,0.0,0,0.0,0.0,0.0,-5.0,0.0,0.0,0.0,0.0,0.0,2.5,0,0,0,0,0,0,0,154.37,508041,1.64,1594636,638.92,2102677,ASSESSED VALUE,154.37,508041,ASSESSED VALUE,2.17,1594636,ASSESSED VALUE,2102677,638.92,0,0,0,25901.66,7.87,2018
15560105406085,06085,35122010,35122010,155601054,0,0,1.0181,44348,NONE,Santa Clara County,01,SC,SANTA CLARA,,0,63044,US,CA,13360 MONTEBELLO RD,"CUPERTINO, CA 95014",Cupertino,ExaStr,"13360 MONTEBELLO RD, CUPERTINO, CA 95014",95014,Street,0.0,37.287163,-122.088813,0.0,"CO06085, CS0693660, DB0614430, DB0635910, SB0000070016, SB0000135802, SB0000135803, SB0000135804, SB0000135805, ZI95014",OWNER OCCUPIED,Single Family Residence / Townhouse,RESIDENTIAL,SFR,1983,SFR,10,,,3196,3196,3196,2476,3196,LIVING SQFT ,3196,0,0,0,3.0,0,0,3.0,4,11,0,0,,,,0,,1,TYPE UNKNOWN,RESIDENTIAL,2, ,TYPE UNKNOWN,1,1983,2018-1-24,2018-2-2,47,2732000,3629000,1835000,1794000,0,0,0,854.82,572.09,7.5,0.0,0,65.67,1743250.0,3447550.0,42.0,1835000.0,3629000.0,47.0,1880875.0,3719725.0,49.5,2789000,0,697250,873,0,0,0,84.89,271306,2.09,92849,113.94,364155,ASSESSED VALUE,84.89,271306,ASSESSED VALUE,8.21,92849,ASSESSED VALUE,364155,113.94,0,0,0,4775.48,1.49,2018
4033515106085,06085,35124016,35124016,40335151,635,761,11.08,482644,NONE,Santa Clara County,01,SC,SANTA CLARA,,0,63044,US,CA,14151 MONTEBELLO RD,"CUPERTINO, CA 95014",Cupertino,ExaStr,"14151 MONTEBELLO RD, CUPERTINO, CA 95014",95014,Street,0.0,37.287394,-122.089488,0.0,"CO06085, CS0693660, DB0614430, DB0635910, SB0000070016, SB0000135802, SB0000135803, SB0000135804, SB0000135805, ZI95014",OWNER OCCUPIED,Single Family Residence / Townhouse,RESIDENTIAL,SFR,1968,SFR,10,,,2498,2498,2498,1304,2498,LIVING SQFT ,2498,0,0,0,2.0,0,0,2.0,2,7,0,0,,,,0,,1,TYPE UNKNOWN,RESIDENTIAL,1, ,TYPE UNKNOWN,1,2004,2018-1-24,2018-2-2,0,0,0,0,0,0,0,0,0.0,0.0,0.0,0.0,0,0.0,0.0,0.0,-5.0,0.0,0.0,0.0,0.0,0.0,2.5,1600000,0,800000,641,0,0,0,176.77,441561,2.74,1324685,707.06,1766246,ASSESSED VALUE,176.77,441561,ASSESSED VALUE,3.66,1324685,ASSESSED VALUE,1766246,707.06,0,0,0,21225.24,8.5,2018
15676910706085,06085,35117031,35117031,156769107,0,0,2.4763,107868,NONE,Santa Clara County,69,SC,SANTA CLARA,,0,63044,US,CA,13355 MONTEBELLO RD,"CUPERTINO, CA 95014",Cupertino,ExaStr,"13355 MONTEBELLO RD, CUPERTINO, CA 95014",95014,Street,0.0,37.287437,-122.088854,0.0,"CO06085, CS0693660, DB0614430, DB0635910, ZI95014",OWNER OCCUPIED,Vacant,RESIDENTIAL,VACANT LAND (NEC),0,VACANT LAND (NEC),80,,,0,0,0,0,0,BUILDING SQFT ,0,0,0,0,0.0,0,0,0.0,0,0,0,0,,,,0,,0,TYPE UNKNOWN,RESIDENTIAL,0, ,TYPE UNKNOWN,0,0,2018-1-24,2018-2-2,0,0,0,0,0,0,0,0,0.0,0.0,0.0,0.0,0,0.0,0.0,0.0,-5.0,0.0,0.0,0.0,0.0,0.0,2.5,0,0,0,0,0,0,0,0.0,0,0.16,17232,0.0,17232,ASSESSED VALUE,0.0,0,ASSESSED VALUE,0.16,17232,ASSESSED VALUE,17232,0.0,0,0,0,638.44,0.0,2018
15676911006085,06085,35117035,35117035,156769110,0,0,2.81,122403,NONE,Santa Clara County,01,SC,SANTA CLARA,,0,63044,US,CA,14045 MONTEBELLO RD,"CUPERTINO, CA 95014",Cupertino,ExaStr,"14045 MONTEBELLO RD, CUPERTINO, CA 95014",95014,Street,0.0,37.287481,-122.089955,0.0,"CO06085, CS0693660, DB0614430, DB0635910, SB0000070016, SB0000135802, SB0000135803, SB0000135804, SB0000135805, ZI95014",OWNER OCCUPIED,Single Family Residence / Townhouse,RESIDENTIAL,SFR,2000,SFR,10,,FORCED AIR,4149,4149,4149,3285,4149,LIVING SQFT ,4149,0,0,0,3.0,0,0,3.0,4,10,0,0,,,,1790,,1,TYPE UNKNOWN,RESIDENTIAL,2, ,TYPE UNKNOWN,1,2002,2018-1-24,2018-2-2,0,0,0,0,0,0,0,0,0.0,0.0,0.0,0.0,0,0.0,0.0,0.0,-5.0,0.0,0.0,0.0,0.0,0.0,2.5,0,0,0,0,0,0,0,245.44,1018313,2.69,329216,324.78,1347529,ASSESSED VALUE,245.44,1018313,ASSESSED VALUE,11.01,329216,ASSESSED VALUE,1347529,324.78,0,0,0,16283.9,3.92,2018
15676910506085,06085,35117029,35117029,156769105,0,0,1.8413,80209,TYPE UNKNOWN,Santa Clara County,01,SC,SANTA CLARA,,0,63044,US,CA,14025 MONTEBELLO RD,"CUPERTINO, CA 95014",Cupertino,ExaStr,"14025 MONTEBELLO RD, CUPERTINO, CA 95014",95014,Street,0.0,37.287517,-122.090046,0.0,"CO06085, CS0693660, DB0614430, DB0635910, SB0000070016, SB0000135802, SB0000135803, SB0000135804, SB0000135805, ZI95014",OWNER OCCUPIED,Single Family Residence / Townhouse,RESIDENTIAL,SFR,1992,SFR,10,LOT 1,,4000,4000,4000,4000,4000,LIVING SQFT ,4000,0,0,0,3.0,0,0,3.0,4,11,0,0,,,,985,,1,TYPE UNKNOWN,RESIDENTIAL,1, ,TYPE UNKNOWN,1,1992,2018-1-24,2018-2-2,0,0,0,0,0,0,0,0,0.0,0.0,0.0,0.0,0,0.0,0.0,0.0,-5.0,0.0,0.0,0.0,0.0,0.0,2.5,1925000,0,481250,481,0,0,0,193.85,775408,18.55,1487513,565.73,2262921,ASSESSED VALUE,193.85,775408,ASSESSED VALUE,28.21,1487513,ASSESSED VALUE,2262921,565.73,0,0,0,26900.0,6.73,2018
15676910606085,06085,35117030,35117030,156769106,0,0,2.09,91040,NONE,Santa Clara County,01,SC,SANTA CLARA,,0,63044,US,CA,13995 MONTEBELLO RD,"CUPERTINO, CA 95014",Cupertino,ExaStr,"13995 MONTEBELLO RD, CUPERTINO, CA 95014",95014,Street,0.0,37.287582,-122.090133,0.0,"CO06085, CS0693660, DB0614430, DB0635910, SB0000070016, SB0000135802, SB0000135803, SB0000135804, SB0000135805, ZI95014",OWNER OCCUPIED,Single Family Residence / Townhouse,RESIDENTIAL,SFR,2000,SFR,10,LOT 2,FORCED AIR,2967,2967,2967,1813,2967,LIVING SQFT ,2967,0,0,0,3.5,0,0,3.5,4,9,0,0,,,,627,,1,TYPE UNKNOWN,RESIDENTIAL,2, ,TYPE UNKNOWN,1,2000,2018-1-24,2018-2-2,0,0,0,0,0,0,0,0,0.0,0.0,0.0,0.0,0,0.0,0.0,0.0,-5.0,0.0,0.0,0.0,0.0,0.0,2.5,0,0,0,0,0,0,0,227.64,675398,4.08,371880,352.98,1047278,ASSESSED VALUE,227.64,675398,ASSESSED VALUE,11.5,371880,ASSESSED VALUE,1047278,352.98,0,0,0,12687.58,4.28,2018
15560105306085,06085,35122007,35122007,155601053,0,0,3.404,148278,NONE,Santa Clara County,01,SC,SANTA CLARA,,0,63044,US,CA,13811 MONTEBELLO RD,"CUPERTINO, CA 95014",Cupertino,ExaStr,"13811 MONTEBELLO RD, CUPERTINO, CA 95014",95014,Street,0.0,37.287993,-122.090974,0.0,"CO06085, CS0693660, DB0614430, DB0635910, SB0000070016, SB0000135802, SB0000135803, SB0000135804, SB0000135805, ZI95014",,Single Family Residence / Townhouse,RESIDENTIAL,SFR,1986,SFR,10,LOT 1,,3347,3347,3347,3347,3347,LIVING SQFT ,3347,0,0,0,2.5,0,0,2.5,4,10,0,0,,,,748,,1,TYPE UNKNOWN,RESIDENTIAL,1, ,TYPE UNKNOWN,1,1986,2018-1-24,2018-2-2,0,0,0,0,0,0,0,0,0.0,0.0,0.0,0.0,0,0.0,0.0,0.0,-5.0,0.0,0.0,0.0,0.0,0.0,2.5,2700000,0,675000,807,0,0,0,220.91,739385,14.25,2112532,852.08,2851917,ASSESSED VALUE,220.91,739385,ASSESSED VALUE,19.23,2112532,ASSESSED VALUE,2851917,852.08,0,0,0,33796.38,10.1,2018
15676593706085,06085,35119005,35119005,156765937,0,0,0.9917,43198,NONE,Santa Clara County,01,SC,SANTA CLARA,,0,63044,US,CA,13650 STEVENS CANYON RD,"CUPERTINO, CA 95014",Cupertino,ExaStr,"13650 STEVENS CANYON RD, CUPERTINO, CA 95014",95014,Street,0.0,37.288175,-122.080366,0.0,"CO06085, CS0693660, DB0614430, DB0635910, SB0000070016, SB0000135802, SB0000135803, SB0000135804, SB0000135805, ZI95014",ABSENTEE(MAIL AND SITUS NOT =),Single Family Residence / Townhouse,RESIDENTIAL,SFR,1900,SFR,10,,,0,0,0,0,0,LIVING SQFT ,0,0,0,0,0.0,0,0,0.0,0,0,0,0,,,,0,,0,TYPE UNKNOWN,RESIDENTIAL,0, ,TYPE UNKNOWN,1,1900,2018-1-24,2018-2-2,0,0,0,0,0,0,0,0,0.0,0.0,0.0,0.0,0,0.0,0.0,0.0,-5.0,0.0,0.0,0.0,0.0,0.0,2.5,0,0,0,0,0,0,0,0.0,0,0.0,0,0.0,0,ASSESSED VALUE,0.0,0,ASSESSED VALUE,0.0,0,ASSESSED VALUE,0,0.0,0,0,0,0.0,0.0,0
15676910906085,06085,35117034,35117034,156769109,0,0,6.03,262667,NONE,Santa Clara County,01,SC,SANTA CLARA,,0,63044,US,CA,14500 MONTEBELLO RD,"CUPERTINO, CA 95014",Cupertino,ExaStr,"14500 MONTEBELLO RD, CUPERTINO, CA 95014",95014,Street,0.0,37.288178,-122.092924,0.0,"CO06085, CS0693660, DB0614430, DB0635910, SB0000070016, SB0000135802, SB0000135803, SB0000135804, SB0000135805, ZI95014",OWNER OCCUPIED,Single Family Residence / Townhouse,RESIDENTIAL,SFR,1992,SFR,10,MAP A1 851,,2814,2814,2814,1753,2814,LIVING SQFT ,2814,0,0,0,3.0,0,0,3.0,4,9,0,0,,,,672,,1,TYPE UNKNOWN,RESIDENTIAL,2, ,TYPE UNKNOWN,1,1992,2018-1-24,2018-2-2,0,0,0,0,0,0,0,0,0.0,0.0,0.0,0.0,0,0.0,0.0,0.0,-5.0,0.0,0.0,0.0,0.0,0.0,2.5,1325000,0,331250,471,0,0,0,88.26,248376,4.62,1214294,519.78,1462670,ASSESSED VALUE,88.26,248376,ASSESSED VALUE,5.57,1214294,ASSESSED VALUE,1462670,519.78,0,0,0,17566.32,6.24,2018
15187606506085,06085,35117037,35117037,151876065,0,0,9.7286,423779,NONE,Santa Clara County,01,SC,SANTA CLARA,,0,63044,US,CA,15010 MONTEBELLO RD,"CUPERTINO, CA 95014",Cupertino,ExaStr,"15010 MONTEBELLO RD, CUPERTINO, CA 95014",95014,Street,0.0,37.289448,-122.095384,0.0,"CO06085, CS0693660, DB0614430, DB0635910, SB0000070016, SB0000135802, SB0000135803, SB0000135804, SB0000135805, ZI95014",ABSENTEE(MAIL AND SITUS NOT =),Single Family Residence / Townhouse,RESIDENTIAL,SFR,1971,SFR,10,LOT B,,2934,2934,2934,1032,2934,LIVING SQFT ,2934,0,0,0,2.0,0,0,2.0,2,7,0,0,,,,320,,1,TYPE UNKNOWN,RESIDENTIAL,2, ,TYPE UNKNOWN,1,1975,2018-1-24,2018-2-2,0,0,0,0,0,0,0,0,0.0,0.0,0.0,0.0,0,0.0,0.0,0.0,-5.0,0.0,0.0,0.0,0.0,0.0,2.5,0,0,0,0,0,0,0,155.79,457097,1.44,609469,363.52,1066566,ASSESSED VALUE,155.79,457097,ASSESSED VALUE,2.52,609469,ASSESSED VALUE,1066566,363.52,0,0,0,13036.52,4.44,2018
4313293006085,06085,35123006,35123006,43132930,0,0,3.6,156816,TYPE UNKNOWN,Santa Clara County,01,SC,SANTA CLARA,,0,63044,US,CA,15060 MONTEBELLO RD,"CUPERTINO, CA 95014",Cupertino,ExaStr,"15060 MONTEBELLO RD, CUPERTINO, CA 95014",95014,Street,0.0,37.289685,-122.095522,0.0,"CO06085, CS0693660, DB0614430, DB0635910, SB0000070016, SB0000135802, SB0000135803, SB0000135804, SB0000135805, ZI95014",OWNER OCCUPIED,Single Family Residence / Townhouse,RESIDENTIAL,SFR,0,SFR,10,,,7501,7501,5576,3151,5576,LIVING SQFT ,5576,0,0,0,2.0,0,0,2.0,3,7,1925,0,,,,714,,1,TYPE UNKNOWN,RESIDENTIAL,1, ,TYPE UNKNOWN,1,1995,2018-1-24,2018-2-2,0,0,0,0,0,0,0,0,0.0,0.0,0.0,0.0,0,0.0,0.0,0.0,-5.0,0.0,0.0,0.0,0.0,0.0,2.5,0,0,0,0,0,0,0,411.9,2296746,3.34,523343,505.75,2820089,ASSESSED VALUE,411.9,2296746,ASSESSED VALUE,17.98,523343,ASSESSED VALUE,2820089,505.75,0,0,0,33077.3,5.93,2018
24121209106085,06085,35123005,35123005,241212091,0,0,28.51,1241895,NONE,Santa Clara County,92,SC,SANTA CLARA,,0,63044,US,CA,15050 MONTEBELLO RD,"CUPERTINO, CA 95014",Cupertino,ExaStr,"15050 MONTEBELLO RD, CUPERTINO, CA 95014",95014,Street,0.0,37.289913,-122.095981,0.0,"CO06085, CS0693660, DB0614430, DB0635910, ZI95014",OWNER OCCUPIED,Agricultural,RESIDENTIAL,FARMS,0,FARMS,70,,,0,0,0,0,0,LIVING SQFT ,0,0,0,0,0.0,0,0,0.0,0,0,0,0,,,,0,,0,TYPE UNKNOWN,RESIDENTIAL,0, ,TYPE UNKNOWN,0,0,2018-1-24,2018-2-2,0,0,0,0,0,0,0,0,0.0,0.0,0.0,0.0,0,0.0,0.0,0.0,-5.0,0.0,0.0,0.0,0.0,0.0,2.5,0,0,0,0,0,0,0,0.0,0,0.06,71086,0.0,71086,ASSESSED VALUE,0.0,0,ASSESSED VALUE,0.06,71086,ASSESSED VALUE,71086,0.0,0,0,0,1425.54,0.0,2018
24121209106085,06085,35123005,35123005,241212091,0,0,28.51,1241895,NONE,Santa Clara County,92,SC,SANTA CLARA,,0,63044,US,CA,15050 MONTEBELLO RD,"CUPERTINO, CA 95014",Cupertino,ExaStr,"15050 MONTEBELLO RD, CUPERTINO, CA 95014",95014,Street,0.0,37.289913,-122.095981,0.0,"CO06085, CS0693660, DB0614430, DB0635910, ZI95014",OWNER OCCUPIED,Agricultural,RESIDENTIAL,FARMS,0,FARMS,70,,,0,0,0,0,0,LIVING SQFT ,0,0,0,0,0.0,0,0,0.0,0,0,0,0,,,,0,,0,TYPE UNKNOWN,RESIDENTIAL,0, ,TYPE UNKNOWN,0,0,2018-1-24,2018-2-2,0,0,0,0,0,0,0,0,0.0,0.0,0.0,0.0,0,0.0,0.0,0.0,-5.0,0.0,0.0,0.0,0.0,0.0,2.5,0,0,0,0,0,0,0,0.0,0,0.06,71086,0.0,71086,ASSESSED VALUE,0.0,0,ASSESSED VALUE,0.06,71086,ASSESSED VALUE,71086,0.0,0,0,0,1425.54,0.0,2018
15187606906085,06085,35117016,35117016,151876069,0,0,1.07,46609,TYPE UNKNOWN,Santa Clara County,01,SC,SANTA CLARA,,0,63044,US,CA,15055 MONTEBELLO RD,"CUPERTINO, CA 95014",Cupertino,ExaStr,"15055 MONTEBELLO RD, CUPERTINO, CA 95014",95014,Street,0.0,37.290047,-122.095635,0.0,"CO06085, CS0693660, DB0614430, DB0635910, ZI95014",OWNER OCCUPIED,Single Family Residence / Townhouse,RESIDENTIAL,SFR,1973,SFR,10,,,3102,3102,3102,1551,3102,LIVING SQFT ,3102,0,0,0,2.0,0,0,2.0,4,7,0,2,,COMPOSITION SHINGLE,STUCCO,500,,1,TYPE UNKNOWN,RESIDENTIAL,2, ,TYPE UNKNOWN,1,1973,2018-1-24,2018-2-2,50,2320000,3027000,1613000,1414000,0,0,0,747.9,131.66,1.59,0.0,0,60.95,1532350.0,2875650.0,45.0,1613000.0,3027000.0,50.0,1653325.0,3102675.0,52.5,1325000,0,331250,427,0,0,0,115.66,358767,23.68,1103904,471.53,1462671,ASSESSED VALUE,115.66,358767,ASSESSED VALUE,31.38,1103904,ASSESSED VALUE,1462671,471.53,0,0,0,17620.72,5.68,2018
15187606306085,06085,35124006,35124006,151876063,0,0,7.3428,319853,TYPE UNKNOWN,Santa Clara County,01,SC,SANTA CLARA,,0,63044,US,CA,15042 MONTEBELLO RD,"CUPERTINO, CA 95014",Cupertino,ExaStr,"15042 MONTEBELLO RD, CUPERTINO, CA 95014",95014,Street,0.0,37.290382,-122.096071,0.0,"CO06085, CS0693660, DB0614430, DB0635910, SB0000070016, SB0000135802, SB0000135803, SB0000135804, SB0000135805, ZI95014",OWNER OCCUPIED,Single Family Residence / Townhouse,RESIDENTIAL,SFR,1962,SFR,10,,,1137,1137,1137,747,1137,LIVING SQFT ,1137,0,0,0,1.5,0,0,1.5,1,4,0,1,,,,195,,1,TYPE UNKNOWN,RESIDENTIAL,2, ,TYPE UNKNOWN,1,1962,2018-1-24,2018-2-2,0,0,0,0,0,0,0,0,0.0,0.0,0.0,0.0,0,0.0,0.0,0.0,-5.0,0.0,0.0,0.0,0.0,0.0,2.5,0,0,0,0,0,0,0,36.05,40994,0.16,52767,82.46,93761,ASSESSED VALUE,36.05,40994,ASSESSED VALUE,0.29,52767,ASSESSED VALUE,93761,82.46,0,0,0,1218.86,1.07,2018
4905992006085,06085,35124007,35124007,49059920,0,0,1.6866,73468,NONE,Santa Clara County,01,SC,SANTA CLARA,,0,63044,US,CA,15040 MONTEBELLO RD,"CUPERTINO, CA 95014",Cupertino,ExaStr,"15040 MONTEBELLO RD, CUPERTINO, CA 95014",95014,Street,0.0,37.290433,-122.095951,0.0,"CO06085, CS0693660, DB0614430, DB0635910, SB0000070016, SB0000135802, SB0000135803, SB0000135804, SB0000135805, ZI95014",ABSENTEE(MAIL AND SITUS NOT =),Single Family Residence / Townhouse,RESIDENTIAL,SFR,1950,SFR,10,,,2574,2574,2574,1506,2574,LIVING SQFT ,2574,0,0,0,2.0,0,0,2.0,5,8,0,1,,,,240,,1,TYPE UNKNOWN,RESIDENTIAL,1, ,TYPE UNKNOWN,1,1970,2018-1-24,2018-2-2,54,1188000,1533000,844000,689000,0,0,0,461.54,78.4,0.95,0.0,0,58.0,801800.0,1456350.0,49.0,844000.0,1533000.0,54.0,865100.0,1571325.0,56.5,610000,0,122000,237,0,0,0,48.87,125802,15.32,1125669,486.2,1251471,ASSESSED VALUE,48.87,125802,ASSESSED VALUE,17.03,1125669,ASSESSED VALUE,1251471,486.2,0,0,0,15154.0,5.89,2018
15676911106085,06085,35117036,35117036,156769111,0,0,6.1421,267551,NONE,Santa Clara County,96,SC,SANTA CLARA,,0,63044,US,CA,15030 MONTEBELLO RD,"CUPERTINO, CA 95014",Cupertino,ExaStr,"15030 MONTEBELLO RD, CUPERTINO, CA 95014",95014,Street,0.0,37.290582,-122.095812,0.0,"CO06085, CS0693660, DB0614430, DB0635910, SB0000070016, SB0000135802, SB0000135803, SB0000135804, SB0000135805, ZI95014",OWNER OCCUPIED,Exempt,RESIDENTIAL,FOREST,1980,FOREST,90,LOT A,,3600,3600,3600,3600,3600,LIVING SQFT ,3600,0,0,0,3.0,0,0,3.0,5,14,0,0,,,,896,,1,TYPE UNKNOWN,RESIDENTIAL,1, ,TYPE UNKNOWN,1,1980,2018-1-24,2018-2-2,0,0,0,0,0,0,0,0,0.0,0.0,0.0,0.0,0,0.0,0.0,0.0,-5.0,0.0,0.0,0.0,0.0,0.0,2.5,0,0,0,0,0,0,0,98.59,354927,0.13,34869,108.28,389796,ASSESSED VALUE,98.59,354927,ASSESSED VALUE,1.46,34869,ASSESSED VALUE,389796,108.28,0,0,0,5034.46,1.4,2018
15180094106085,06085,35124013,35124013,151800941,0,0,4.2972,187188,NONE,Santa Clara County,01,SC,SANTA CLARA,,0,63044,US,CA,15150 MONTEBELLO RD,"CUPERTINO, CA 95014",Cupertino,ExaStr,"15150 MONTEBELLO RD, CUPERTINO, CA 95014",95014,Street,0.0,37.290791,-122.096321,0.0,"CO06085, CS0693660, DB0614430, DB0635910, SB0000070016, SB0000135802, SB0000135803, SB0000135804, SB0000135805, ZI95014",ABSENTEE(MAIL AND SITUS NOT =),Single Family Residence / Townhouse,RESIDENTIAL,SFR,1986,SFR,10,MAP B2 851,,4528,4528,4528,3958,4528,LIVING SQFT ,4528,0,0,0,3.0,0,0,3.0,3,12,0,0,,,,780,,1,TYPE UNKNOWN,RESIDENTIAL,2, ,TYPE UNKNOWN,1,1986,2018-1-24,2018-2-2,68,2007000,2411000,1602000,809000,0,0,0,443.24,86.0,1.03,0.0,0,40.31,1521900.0,2290450.0,63.0,1602000.0,2411000.0,68.0,1642050.0,2471275.0,70.5,1950000,0,650000,431,0,0,0,99.38,450000,8.01,1500000,430.65,1950000,ASSESSED VALUE,99.38,450000,ASSESSED VALUE,10.42,1500000,ASSESSED VALUE,1950000,430.65,0,0,0,23336.74,5.15,2018
15560105606085,06085,35124015,35124015,155601056,0,0,22.6,984456,TYPE UNKNOWN,Santa Clara County,01,SC,SANTA CLARA,,0,63044,US,CA,13261 MONTEBELLO RD,"CUPERTINO, CA 95014",Cupertino,ExaStr,"13261 MONTEBELLO RD, CUPERTINO, CA 95014",95014,Street,0.0,37.291028,-122.091157,0.0,"CO06085, CS0693660, DB0614430, DB0635910, SB0000070016, SB0000135802, SB0000135803, SB0000135804, SB0000135805, ZI95014",OWNER OCCUPIED,Single Family Residence / Townhouse,RESIDENTIAL,SFR,1960,SFR,10,LOT 1,,2856,2856,2856,2184,2856,LIVING SQFT ,2856,0,0,0,2.5,0,0,2.5,3,8,0,0,,,,1092,,1,TYPE UNKNOWN,RESIDENTIAL,2, ,TYPE UNKNOWN,1,1960,2018-1-24,2018-2-2,0,0,0,0,0,0,0,0,0.0,0.0,0.0,0.0,0,0.0,0.0,0.0,-5.0,0.0,0.0,0.0,0.0,0.0,2.5,0,0,0,0,0,0,0,219.44,626720,1.06,1045667,585.57,1672387,ASSESSED VALUE,219.44,626720,ASSESSED VALUE,1.7,1045667,ASSESSED VALUE,1672387,585.57,0,0,0,20109.3,7.04,2018
3054813806085,06085,35117024,35117024,30548138,270,150,0.93,40511,NONE,Santa Clara County,01,SC,SANTA CLARA,,0,63044,US,CA,15120 MONTEBELLO RD,"CUPERTINO, CA 95014",Cupertino,ExaStr,"15120 MONTEBELLO RD, CUPERTINO, CA 95014",95014,Street,0.0,37.291713,-122.097085,0.0,"CO06085, CS0693660, DB0614430, DB0635910, SB0000070016, SB0000135802, SB0000135803, SB0000135804, SB0000135805, ZI95014",OWNER OCCUPIED,Single Family Residence / Townhouse,RESIDENTIAL,SFR,2009,SFR,10,,,3413,3413,3413,2112,3413,LIVING SQFT ,3413,0,0,0,4.0,0,0,4.0,5,11,0,0,,,,361,,1,TYPE UNKNOWN,RESIDENTIAL,2, ,TYPE UNKNOWN,1,2009,2018-1-24,2018-2-2,0,0,0,0,0,0,0,0,0.0,0.0,0.0,0.0,0,0.0,0.0,0.0,-5.0,0.0,0.0,0.0,0.0,0.0,2.5,1030000,0,206000,302,0,0,0,235.76,804663,21.22,859569,487.62,1664232,ASSESSED VALUE,235.76,804663,ASSESSED VALUE,41.08,859569,ASSESSED VALUE,1664232,487.62,0,0,0,19976.8,5.85,2018
2811197706085,06085,36647006,36647006,28111977,0,0,2.59,112820,NONE,Santa Clara County,01,SC,SANTA CLARA,,0,13021,US,CA,22245 REGNART RD,"CUPERTINO, CA 95014",Cupertino,ExaStr,"22245 REGNART RD, CUPERTINO, CA 95014",95014,Street,0.0,37.291904,-122.062715,0.0,"CO06085, CS0692830, DB0610290, DB0614430, MT30003348, ND0002913497, ND0002913503, PL0617610, SB0000069404, SB0000069411, SB0000070016, ZI95014",OWNER OCCUPIED,Single Family Residence / Townhouse,RESIDENTIAL,SFR,1984,SFR,10,LOT 1,FORCED AIR,4072,4072,4072,3682,4072,LIVING SQFT ,4072,0,0,0,3.5,0,0,3.5,4,13,0,0,,,,780,,1,TYPE UNKNOWN,RESIDENTIAL,2, ,TYPE UNKNOWN,1,1986,2018-1-24,2018-2-2,0,0,0,0,0,0,0,0,0.0,0.0,0.0,0.0,0,0.0,0.0,0.0,-5.0,0.0,0.0,0.0,0.0,0.0,2.5,2587500,0,646875,635,0,0,0,109.86,447330,22.51,2539698,733.55,2987028,ASSESSED VALUE,109.86,447330,ASSESSED VALUE,26.48,2539698,ASSESSED VALUE,2987028,733.55,0,0,0,35352.8,8.68,2018
15187606406085,06085,35124012,35124012,151876064,0,0,14.32,623779,NONE,Santa Clara County,01,SC,SANTA CLARA,,0,63044,US,CA,15100 MONTEBELLO RD,"CUPERTINO, CA 95014",Cupertino,ExaStr,"15100 MONTEBELLO RD, CUPERTINO, CA 95014",95014,Street,0.0,37.292041,-122.097539,0.0,"CO06085, CS0693660, DB0614430, DB0635910, SB0000070016, SB0000135802, SB0000135803, SB0000135804, SB0000135805, ZI95014",,Single Family Residence / Townhouse,RESIDENTIAL,SFR,1957,SFR,10,,,1000,1000,1000,1000,1000,LIVING SQFT ,1000,0,0,0,0.0,0,0,0.0,0,0,0,0,,,,800,,0,TYPE UNKNOWN,RESIDENTIAL,1, ,TYPE UNKNOWN,1,1963,2018-1-24,2018-2-2,0,0,0,0,0,0,0,0,0.0,0.0,0.0,0.0,0,0.0,0.0,0.0,-5.0,0.0,0.0,0.0,0.0,0.0,2.5,0,0,0,0,0,0,0,69.83,69825,0.09,57155,126.98,126980,ASSESSED VALUE,69.83,69825,ASSESSED VALUE,0.2,57155,ASSESSED VALUE,126980,126.98,0,0,0,2075.06,2.08,2018
20964564706085,06085,35124011,35124011,209645647,0,0,3.4409,149884,NONE,Santa Clara County,,SC,SANTA CLARA,,0,63044,US,CA,15101 MONTEBELLO RD,"CUPERTINO, CA 95014",Cupertino,ExaStr,"15101 MONTEBELLO RD, CUPERTINO, CA 95014",95014,Street,0.0,37.292270,-122.097348,0.0,"CO06085, CS0693660, DB0614430, DB0635910, SB0000070016, SB0000135802, SB0000135803, SB0000135804, SB0000135805, ZI95014",ABSENTEE(MAIL AND SITUS NOT =),,RESIDENTIAL,TYPE UNKNOWN,0,TYPE UNKNOWN,0,LOT 1,,0,0,0,0,0,BUILDING SQFT ,0,0,0,0,0.0,0,0,0.0,0,0,0,0,,,,0,,0,TYPE UNKNOWN,RESIDENTIAL,0, ,TYPE UNKNOWN,0,0,2018-1-24,2018-2-2,17,2167000,3685000,650000,3035000,0,0,0,0.0,0.0,0.0,0.0,0,140.06,617500.0,3500750.0,12.0,650000.0,3685000.0,17.0,666250.0,3777125.0,19.5,0,0,0,0,0,0,0,0.0,0,0.0,0,0.0,0,ASSESSED VALUE,0.0,0,ASSESSED VALUE,0.0,0,ASSESSED VALUE,0,0.0,0,0,0,0.0,0.0,0
15560105506085,06085,35124014,35124014,155601055,0,0,21.8,949608,NONE,Santa Clara County,93,SC,SANTA CLARA,,0,63044,US,CA,13231 MONTEBELLO RD,"CUPERTINO, CA 95014",Cupertino,ExaStr,"13231 MONTEBELLO RD, CUPERTINO, CA 95014",95014,Street,0.0,37.292740,-122.091275,0.0,"CO06085, CS0693660, DB0614430, DB0635910, SB0000070016, SB0000135802, SB0000135803, SB0000135804, SB0000135805, ZI95014",OWNER OCCUPIED,Agricultural,RESIDENTIAL,PASTURE,0,PASTURE,70,LOT 2,,0,0,0,0,0,LIVING SQFT ,0,0,0,0,0.0,0,0,0.0,0,0,0,0,,,,0,,0,TYPE UNKNOWN,RESIDENTIAL,0, ,TYPE UNKNOWN,1,0,2018-1-24,2018-2-2,0,0,0,0,0,0,0,0,0.0,0.0,0.0,0.0,0,0.0,0.0,0.0,-5.0,0.0,0.0,0.0,0.0,0.0,2.5,0,0,0,0,0,0,0,0.0,1561958,1.97,1874350,0.0,3436308,ASSESSED VALUE,0.0,1561958,ASSESSED VALUE,3.62,1874350,ASSESSED VALUE,3436308,0.0,0,0,0,40723.58,0.0,2018
111230206085,06085,35123010,35123010,1112302,0,0,8.69,378536,NONE,Santa Clara County,01,SC,SANTA CLARA,,0,63044,US,CA,15070 MONTEBELLO RD,"CUPERTINO, CA 95014",Cupertino,ExaStr,"15070 MONTEBELLO RD, CUPERTINO, CA 95014",95014,Street,0.0,37.292928,-122.097840,0.0,"CO06085, CS0693660, DB0614430, DB0635910, ZI95014",OWNER OCCUPIED,Single Family Residence / Townhouse,RESIDENTIAL,SFR,1973,SFR,10,TWP 07S RGE 02W SEC 29 QTR SE4,,2200,2200,2200,1610,2200,LIVING SQFT ,2200,0,0,0,2.5,0,0,2.5,4,8,0,1,RAISED,COMPOSITION SHINGLE,FRAME SIDING,1200,,1,TYPE UNKNOWN,RESIDENTIAL,2, ,TYPE UNKNOWN,1,1973,2018-1-24,2018-2-2,36,1653000,2356000,950000,1406000,0,0,0,751.36,455.51,5.96,0.0,0,85.06,902500.0,2238200.0,31.0,950000.0,2356000.0,36.0,973750.0,2414900.0,38.5,1400000,0,350000,636,0,0,0,1.75,3847,0.72,273641,126.13,277488,ASSESSED VALUE,1.75,3847,ASSESSED VALUE,0.73,273641,ASSESSED VALUE,277488,126.13,0,0,0,3628.86,1.65,2018
15676910306085,06085,35116027,35116027,156769103,0,0,9.1359,397961,NONE,Santa Clara County,96,SC,SANTA CLARA,,0,63044,US,CA,13325 STEVENS CANYON RD,"CUPERTINO, CA 95014",Cupertino,ExaStr,"13325 STEVENS CANYON RD, CUPERTINO, CA 95014",95014,Street,0.0,37.292938,-122.082382,0.0,"CO06085, CS0693660, DB0614430, DB0635910, SB0000070016, SB0000135802, SB0000135803, SB0000135804, SB0000135805, ZI95014",OWNER OCCUPIED,Exempt,RESIDENTIAL,FOREST,0,FOREST,90,MAP J4 851,,0,0,0,0,0,LIVING SQFT ,0,0,0,0,0.0,0,0,0.0,0,0,0,0,,,,0,,0,TYPE UNKNOWN,RESIDENTIAL,0, ,TYPE UNKNOWN,0,0,2018-1-24,2018-2-2,0,0,0,0,0,0,0,0,0.0,0.0,0.0,0.0,0,0.0,0.0,0.0,-5.0,0.0,0.0,0.0,0.0,0.0,2.5,0,0,0,0,0,0,0,0.0,116439,0.12,45913,0.0,162352,ASSESSED VALUE,0.0,116439,ASSESSED VALUE,0.41,45913,ASSESSED VALUE,162352,0.0,0,0,0,2422.72,0.0,2018
15761170606085,06085,36647009,36647009,157611706,0,0,1.7733,77246,NONE,Santa Clara County,69,SC,SANTA CLARA,,0,13021,US,CA,22293 REGNART RD,"CUPERTINO, CA 95014",Cupertino,ExaStr,"22293 REGNART RD, CUPERTINO, CA 95014",95014,Street,0.0,37.293504,-122.062703,0.0,"CO06085, CS0692830, DB0610290, DB0614430, MT30003348, ND0002913497, ND0002913503, PL0617610, ZI95014",,Vacant,RESIDENTIAL,VACANT LAND (NEC),1900,VACANT LAND (NEC),80,,,0,0,0,0,0,BUILDING SQFT ,0,0,0,0,0.0,0,0,0.0,0,0,0,0,,,,0,,0,TYPE UNKNOWN,RESIDENTIAL,0, ,TYPE UNKNOWN,1,1900,2018-1-24,2018-2-2,0,0,0,0,0,0,0,0,0.0,0.0,0.0,0.0,0,0.0,0.0,0.0,-5.0,0.0,0.0,0.0,0.0,0.0,2.5,0,0,0,0,0,0,0,0.0,0,4.54,350830,0.0,350830,ASSESSED VALUE,0.0,0,ASSESSED VALUE,4.54,350830,ASSESSED VALUE,350830,0.0,0,0,0,4336.56,0.0,2018
15676039006085,06085,36624030,36624030,156760390,100,63,0.1446,6300,NONE,Santa Clara County,01,SC,SANTA CLARA,4254,4254,13070,US,CA,1697 GALWAY DR,"CUPERTINO, CA 95014",Cupertino,ExaStr,"1697 GALWAY DR, CUPERTINO, CA 95014",95014,Street,0.0,37.293742,-122.036953,0.0,"CO06085, CS0692830, DB0610290, DB0614430, MT30003348, ND0002913474, ND0002913503, PL0617610, SB0000069404, SB0000069411, SB0000070016, ZI95014",OWNER OCCUPIED,Single Family Residence / Townhouse,RESIDENTIAL,SFR,1968,SFR,10,TRACT 4254 BOOK 222 PAGE 15 LOT 41,,2194,2194,2194,1343,2194,LIVING SQFT ,2194,0,0,0,3.0,0,0,3.0,5,8,0,1,,,,460,,1,TYPE UNKNOWN,RESIDENTIAL,2, ,TYPE UNKNOWN,1,1968,2018-1-24,2018-2-2,83,2411000,2758000,2065000,693000,0,0,0,1098.91,92.75,1.12,0.0,0,28.74,1961750.0,2620100.0,78.0,2065000.0,2758000.0,83.0,2116625.0,2826950.0,85.5,2060000,0,412000,939,0,0,0,195.37,428644,272.16,1714579,976.86,2143223,ASSESSED VALUE,195.37,428644,ASSESSED VALUE,340.19,1714579,ASSESSED VALUE,2143223,976.86,0,0,0,25995.34,11.85,2018
15676039406085,06085,36624034,36624034,156760394,106,59,0.1436,6254,NONE,Santa Clara County,01,SC,SANTA CLARA,,4254,13070,US,CA,7573 PROSPECT RD,"CUPERTINO, CA 95014",Cupertino,ExaStr,"7573 PROSPECT RD, CUPERTINO, CA 95014",95014,Street,0.0,37.293757,-122.037833,0.0,"CO06085, CS0692830, DB0610290, DB0614430, MT30003348, ND0002913474, ND0002913503, PL0617610, SB0000069404, SB0000069411, SB0000070016, ZI95014",OWNER OCCUPIED,Single Family Residence / Townhouse,RESIDENTIAL,SFR,1968,SFR,10,TRACT 4254 BOOK 222 PAGE 15 LOT 45,,1701,1701,1701,1701,1701,LIVING SQFT ,1701,0,0,0,2.5,0,0,2.5,3,7,0,1,,,,440,,1,TYPE UNKNOWN,RESIDENTIAL,1, ,TYPE UNKNOWN,1,1968,2018-1-24,2018-2-2,62,1949000,2403000,1494000,909000,0,0,0,1145.8,101.6,1.25,0.0,0,46.64,1419300.0,2282850.0,57.0,1494000.0,2403000.0,62.0,1531350.0,2463075.0,64.5,1500000,0,500000,882,0,0,0,275.24,468180,174.68,1092420,917.46,1560600,ASSESSED VALUE,275.24,468180,ASSESSED VALUE,249.54,1092420,ASSESSED VALUE,1560600,917.46,0,0,0,19182.72,11.28,2018
15676039506085,06085,36624035,36624035,156760395,105,59,0.1422,6195,NONE,Santa Clara County,01,SC,SANTA CLARA,,4254,13070,US,CA,7585 PROSPECT RD,"CUPERTINO, CA 95014",Cupertino,ExaStr,"7585 PROSPECT RD, CUPERTINO, CA 95014",95014,Street,0.0,37.293764,-122.038127,0.0,"CO06085, CS0692830, DB0610290, DB0614430, MT30003348, ND0002913474, ND0002913503, PL0617610, SB0000069404, SB0000069411, SB0000070016, ZI95014",OWNER OCCUPIED,Single Family Residence / Townhouse,RESIDENTIAL,SFR,1968,SFR,10,TRACT 4254 BOOK 222 PAGE 15 LOT 46,,1758,1758,1758,1758,1758,LIVING SQFT ,1758,0,0,0,2.5,0,0,2.5,4,8,0,1,,,,423,,1,TYPE UNKNOWN,RESIDENTIAL,1, ,TYPE UNKNOWN,1,1968,2018-1-24,2018-2-2,69,2225000,2670000,1781000,889000,0,0,0,1265.64,1152.98,19.37,0.0,0,39.96,1691950.0,2536500.0,64.0,1781000.0,2670000.0,69.0,1825525.0,2736750.0,71.5,0,0,0,0,0,0,0,48.15,84645,4.88,30224,65.34,114869,ASSESSED VALUE,48.15,84645,ASSESSED VALUE,18.54,30224,ASSESSED VALUE,114869,65.34,0,0,0,1929.78,1.1,2018
15676039306085,06085,36624033,36624033,156760393,116,59,0.1571,6844,NONE,Santa Clara County,01,SC,SANTA CLARA,,4254,13070,US,CA,7561 PROSPECT RD,"CUPERTINO, CA 95014",Cupertino,ExaStr,"7561 PROSPECT RD, CUPERTINO, CA 95014",95014,Street,0.0,37.293765,-122.037534,0.0,"CO06085, CS0692830, DB0610290, DB0614430, MT30003348, ND0002913474, ND0002913503, PL0617610, SB0000069404, SB0000069411, SB0000070016, ZI95014",OWNER OCCUPIED,Single Family Residence / Townhouse,RESIDENTIAL,SFR,1968,SFR,10,TRACT 4254 BOOK 222 PAGE 15 LOT 44,,1852,1852,1852,949,1852,LIVING SQFT ,1852,0,0,0,2.5,0,0,2.5,4,8,0,1,,WOOD SHAKE/SHINGLE,STUCCO,462,,1,TYPE UNKNOWN,RESIDENTIAL,2, ,TYPE UNKNOWN,1,1968,2018-1-24,2018-2-2,66,2229000,2701000,1758000,943000,0,0,0,1203.56,334.51,4.55,0.0,0,42.31,1670100.0,2565950.0,61.0,1758000.0,2701000.0,66.0,1801950.0,2768525.0,68.5,0,0,0,0,0,0,0,146.46,271251,31.95,218682,264.54,489933,ASSESSED VALUE,146.46,271251,ASSESSED VALUE,71.59,218682,ASSESSED VALUE,489933,264.54,0,0,0,6663.42,3.6,2018
15761170806085,06085,36647015,36647015,157611708,0,0,2.39,104108,NONE,Santa Clara County,01,SC,SANTA CLARA,,0,13021,US,CA,22292 REGNART RD,"CUPERTINO, CA 95014",Cupertino,ExaStr,"22292 REGNART RD, CUPERTINO, CA 95014",95014,Street,0.0,37.293780,-122.062231,0.0,"CO06085, CS0692830, DB0610290, DB0614430, MT30003348, ND0002913497, ND0002913503, PL0617610, SB0000069404, SB0000069411, SB0000070016, ZI95014",OWNER OCCUPIED,Single Family Residence / Townhouse,RESIDENTIAL,SFR,2009,SFR,10,MAP 464 PG 2 LOT 3,FORCED AIR,9666,9666,7295,2642,7295,LIVING SQFT ,7295,0,0,0,5.0,0,0,5.0,4,15,2371,1,RAISED,TILE,STUCCO,842,,1,TYPE UNKNOWN,RESIDENTIAL,2, ,TYPE UNKNOWN,1,2009,2018-1-24,2018-2-2,26,2947000,4259000,1635000,2624000,0,0,0,403.98,97.25,1.15,0.0,0,89.04,1553250.0,4046050.0,21.0,1635000.0,4259000.0,26.0,1675875.0,4365475.0,28.5,0,0,0,0,0,0,0,259.87,1895718,6.34,659566,350.28,2555284,ASSESSED VALUE,259.87,1895718,ASSESSED VALUE,24.54,659566,ASSESSED VALUE,2555284,350.28,0,0,0,30303.66,4.15,2018
15676039606085,06085,36624036,36624036,156760396,105,59,0.1422,6195,NONE,Santa Clara County,01,SC,SANTA CLARA,4254,4254,13070,US,CA,7597 PROSPECT RD,"CUPERTINO, CA 95014",Cupertino,ExaStr,"7597 PROSPECT RD, CUPERTINO, CA 95014",95014,Street,0.0,37.293786,-122.038436,0.0,"CO06085, CS0692830, DB0610290, DB0614430, MT30003348, ND0002913474, ND0002913503, PL0617610, SB0000069404, SB0000069411, SB0000070016, ZI95014",ABSENTEE(MAIL AND SITUS NOT =),Single Family Residence / Townhouse,RESIDENTIAL,SFR,1968,SFR,10,TRACT 4254 BOOK 222 PAGE 15 LOT 47,,2340,2340,2340,1343,2340,LIVING SQFT ,2340,0,0,0,3.0,0,0,3.0,5,8,0,1,,,,460,,1,TYPE UNKNOWN,RESIDENTIAL,2, ,TYPE UNKNOWN,1,1968,2018-1-24,2018-2-2,70,2178000,2594000,1761000,833000,0,0,0,930.77,994.97,15.88,0.0,0,38.25,1672950.0,2464300.0,65.0,1761000.0,2594000.0,70.0,1805025.0,2658850.0,72.5,0,0,0,0,0,0,0,45.68,106890,4.88,30224,58.6,137114,ASSESSED VALUE,45.68,106890,ASSESSED VALUE,22.13,30224,ASSESSED VALUE,137114,58.6,0,0,0,2189.0,0.94,2018
15676039206085,06085,36624032,36624032,156760392,120,59,0.1625,7080,NONE,Santa Clara County,01,SC,SANTA CLARA,4254,4254,13070,US,CA,7549 PROSPECT RD,"CUPERTINO, CA 95014",Cupertino,ExaStr,"7549 PROSPECT RD, CUPERTINO, CA 95014",95014,Street,0.0,37.293796,-122.037244,0.0,"CO06085, CS0692830, DB0610290, DB0614430, MT30003348, ND0002913474, ND0002913503, PL0617610, SB0000069404, SB0000069411, SB0000070016, ZI95014",OWNER OCCUPIED,Single Family Residence / Townhouse,RESIDENTIAL,SFR,1968,SFR,10,TRACT 4254 BOOK 222 PAGE 15 LOT 43,,1701,1701,1701,1701,1701,LIVING SQFT ,1701,0,0,0,2.5,0,0,2.5,3,7,0,1,,WOOD SHAKE/SHINGLE,STUCCO,440,,1,TYPE UNKNOWN,RESIDENTIAL,1, ,TYPE UNKNOWN,1,1968,2018-1-24,2018-2-2,60,2276000,2819000,1733000,1086000,0,0,0,1338.04,1062.42,16.42,0.0,0,47.72,1646350.0,2678050.0,55.0,1733000.0,2819000.0,60.0,1776325.0,2889475.0,62.5,0,0,0,0,0,0,0,63.37,107798,4.36,30835,81.5,138633,ASSESSED VALUE,63.37,107798,ASSESSED VALUE,19.58,30835,ASSESSED VALUE,138633,81.5,0,0,0,2142.28,1.26,2018
4051152306085,06085,36624037,36624037,40511523,105,59,0.1422,6195,NONE,Santa Clara County,01,SC,SANTA CLARA,4254,4254,13070,US,CA,7609 PROSPECT RD,"CUPERTINO, CA 95014",Cupertino,ExaStr,"7609 PROSPECT RD, CUPERTINO, CA 95014",95014,Street,0.0,37.293806,-122.038742,0.0,"CO06085, CS0692830, DB0610290, DB0614430, MT30003348, ND0002913474, ND0002913503, PL0617610, SB0000069404, SB0000069411, SB0000070016, ZI95014",OWNER OCCUPIED,Single Family Residence / Townhouse,RESIDENTIAL,SFR,1968,SFR,10,TRACT 4254 BOOK 222 PAGE 15 LOT 48,,1852,1852,1852,949,1852,LIVING SQFT ,1852,0,0,0,2.5,0,0,2.5,4,8,0,1,,WOOD SHAKE/SHINGLE,STUCCO,462,,1,TYPE UNKNOWN,RESIDENTIAL,2, ,TYPE UNKNOWN,1,1968,2018-1-24,2018-2-2,59,1992000,2476000,1509000,967000,0,0,0,1075.59,140.43,1.76,0.0,0,48.54,1433550.0,2352200.0,54.0,1509000.0,2476000.0,59.0,1546725.0,2537900.0,61.5,0,0,0,0,0,0,0,244.75,453269,109.75,679909,611.87,1133178,ASSESSED VALUE,244.75,453269,ASSESSED VALUE,182.92,679909,ASSESSED VALUE,1133178,611.87,0,0,0,14184.86,7.66,2018
15676039706085,06085,36624038,36624038,156760397,105,59,0.1422,6195,NONE,Santa Clara County,01,SC,SANTA CLARA,4254,4254,13070,US,CA,7621 PROSPECT RD,"CUPERTINO, CA 95014",Cupertino,ExaStr,"7621 PROSPECT RD, CUPERTINO, CA 95014",95014,Street,0.0,37.293828,-122.039048,0.0,"CO06085, CS0692830, DB0610290, DB0614430, MT30003348, ND0002913474, ND0002913503, PL0617610, SB0000069404, SB0000069411, SB0000070016, ZI95014",,Single Family Residence / Townhouse,RESIDENTIAL,SFR,1968,SFR,10,TRACT 4254 BOOK 222 PAGE 15 LOT 49,,1701,1701,1701,1701,1701,LIVING SQFT ,1701,0,0,0,2.5,0,0,2.5,3,7,0,1,,WOOD SHAKE/SHINGLE,STUCCO,440,,1,TYPE UNKNOWN,RESIDENTIAL,1, ,TYPE UNKNOWN,1,1968,2018-1-24,2018-2-2,63,2238000,2746000,1730000,1016000,0,0,0,1315.7,972.05,20.35,0.0,0,45.4,1643500.0,2608700.0,58.0,1730000.0,2746000.0,63.0,1773250.0,2814650.0,65.5,0,0,0,0,0,0,0,46.9,79771,4.88,30224,64.66,109995,ASSESSED VALUE,46.9,79771,ASSESSED VALUE,17.76,30224,ASSESSED VALUE,109995,64.66,0,0,0,2302.36,1.35,2018
